Course,Section,Course_Title,Exam_Type,Exam_Start_Time,Exam_End_Time,Building,Room,Rows_From,Row_Start,Row_End
ACCT 351,1,Intermediate Financial Acct 1,IN-PERSON - FORMAL EXAM - D.T. CAMPUS,24-Apr-2024 at 2:00 PM,24-Apr-2024 at 5:00 PM,,,,,
ACCT 351,2,Intermediate Financial Acct 1,IN-PERSON - FORMAL EXAM - D.T. CAMPUS,24-Apr-2024 at 2:00 PM,24-Apr-2024 at 5:00 PM,,,,,
ACCT 352,1,Intermediate Financial Acct 2,IN-PERSON - FORMAL EXAM - D.T. CAMPUS,15-Apr-2024 at 9:00 AM,15-Apr-2024 at 12:00 PM,,,,,
ACCT 352,2,Intermediate Financial Acct 2,IN-PERSON - FORMAL EXAM - D.T. CAMPUS,15-Apr-2024 at 9:00 AM,15-Apr-2024 at 12:00 PM,,,,,
ACCT 354,1,Financial Statement Analysis,IN-PERSON - FORMAL EXAM - D.T. CAMPUS,23-Apr-2024 at 9:00 AM,23-Apr-2024 at 12:00 PM,,,,,
ACCT 361,1,Management Accounting,IN-PERSON - FORMAL EXAM - D.T. CAMPUS,16-Apr-2024 at 9:00 AM,16-Apr-2024 at 12:00 PM,,,,,
ACCT 362,1,Cost Accounting,IN-PERSON - FORMAL EXAM - D.T. CAMPUS,23-Apr-2024 at 2:00 PM,23-Apr-2024 at 5:00 PM,,,,,
ACCT 385,1,Principles of Taxation,IN-PERSON - FORMAL EXAM - D.T. CAMPUS,30-Apr-2024 at 9:00 AM,30-Apr-2024 at 12:00 PM,,,,,
ACCT 453,1,Advanced Financial Accounting,IN-PERSON - FORMAL EXAM - D.T. CAMPUS,29-Apr-2024 at 9:00 AM,29-Apr-2024 at 12:00 PM,,,,,
ACCT 453,2,Advanced Financial Accounting,IN-PERSON - FORMAL EXAM - D.T. CAMPUS,29-Apr-2024 at 9:00 AM,29-Apr-2024 at 12:00 PM,,,,,
ACCT 455,1,Dev of Accounting Thought,IN-PERSON - FORMAL EXAM - D.T. CAMPUS,16-Apr-2024 at 9:00 AM,16-Apr-2024 at 12:00 PM,,,,,
ACCT 463,1,Management Control,IN-PERSON - FORMAL EXAM - D.T. CAMPUS,24-Apr-2024 at 9:00 AM,24-Apr-2024 at 12:00 PM,,,,,
ACCT 475,1,Principles of Auditing,IN-PERSON - FORMAL EXAM - D.T. CAMPUS,19-Apr-2024 at 2:00 PM,19-Apr-2024 at 5:00 PM,,,,,
AEBI 211,1,Organisms 2,IN-PERSON - FORMAL EXAM - MAC CAMPUS,18-Apr-2024 at 9:00 AM,18-Apr-2024 at 12:00 PM,,,,,
AECH 111,1,General Chemistry 2,IN-PERSON - FORMAL EXAM - MAC CAMPUS,17-Apr-2024 at 9:00 AM,17-Apr-2024 at 12:00 PM,,,,,
AEHM 205,1,Science Literacy,ONLINE - TAKE-HOME - 48 HOURS,24-Apr-2024 at 2:00 PM,26-Apr-2024 at 2:00 PM,,,,,
AEMA 102,1,Calculus 2,IN-PERSON - FORMAL EXAM - MAC CAMPUS,22-Apr-2024 at 9:00 AM,22-Apr-2024 at 12:00 PM,,,,,
AEMA 305,1,Differential Equations,IN-PERSON - FORMAL EXAM - MAC CAMPUS,29-Apr-2024 at 9:00 AM,29-Apr-2024 at 12:00 PM,,,,,
AEMA 310,1,Statistical Methods 1,IN-PERSON - FORMAL EXAM - MAC CAMPUS,15-Apr-2024 at 9:00 AM,15-Apr-2024 at 12:00 PM,,,,,
AEMA 414,1,Temporal&Spatial Statistics 01,IN-PERSON - FORMAL EXAM - MAC CAMPUS,26-Apr-2024 at 2:00 PM,26-Apr-2024 at 5:00 PM,,,,,
AEMA 614,1,Temporal&Spatial Statistics 1,IN-PERSON - FORMAL EXAM - MAC CAMPUS,26-Apr-2024 at 2:00 PM,26-Apr-2024 at 5:00 PM,,,,,
AEPH 114,1,Introductory Physics 2,IN-PERSON - FORMAL EXAM - MAC CAMPUS,26-Apr-2024 at 9:00 AM,26-Apr-2024 at 12:00 PM,,,,,
AEPH 115,1,Physics 2,IN-PERSON - FORMAL EXAM - MAC CAMPUS,26-Apr-2024 at 9:00 AM,26-Apr-2024 at 12:00 PM,,,,,
AFRI 598,1,Res Sem in African Studies,ONLINE - TAKE-HOME - 72 HOURS,14-Apr-2024 at 9:00 AM,17-Apr-2024 at 9:00 AM,,,,,
AGEC 231,1,Econ Systems of Agriculture,IN-PERSON - FORMAL EXAM - MAC CAMPUS,26-Apr-2024 at 2:00 PM,26-Apr-2024 at 5:00 PM,,,,,
AGEC 320,1,Intermed Microeconomic Theory,IN-PERSON - FORMAL EXAM - MAC CAMPUS,24-Apr-2024 at 2:00 PM,24-Apr-2024 at 5:00 PM,,,,,
AGEC 442,1,Econ of Int'l Agric Dvlpmnt,ONLINE - TAKE-HOME - 48 HOURS,22-Apr-2024 at 9:00 AM,24-Apr-2024 at 9:00 AM,,,,,
AGEC 450,1,Agribusiness Management,IN-PERSON - FORMAL EXAM - MAC CAMPUS,29-Apr-2024 at 9:00 AM,29-Apr-2024 at 12:00 PM,,,,,
AGRI 330,1,Agricultural Legislation,ONLINE - TAKE-HOME - 72 HOURS,23-Apr-2024 at 2:00 PM,26-Apr-2024 at 2:00 PM,,,,,
AGRI 411,1,"Global Issues on Dev, Food&Agr",IN-PERSON - FORMAL EXAM - MAC CAMPUS,30-Apr-2024 at 9:00 AM,30-Apr-2024 at 12:00 PM,,,,,
ANAT 212,1,Molec Mechanisms of Cell Funct,IN-PERSON - FORMAL EXAM - D.T. CAMPUS,24-Apr-2024 at 9:00 AM,24-Apr-2024 at 12:00 PM,,,,,
ANAT 262,1,Intro Molecular &Cell Biol,IN-PERSON - FORMAL EXAM - D.T. CAMPUS,19-Apr-2024 at 2:00 PM,19-Apr-2024 at 5:00 PM,,,,,
ANAT 314,1,Human Musculoskeletal Anatomy,IN-PERSON - FORMAL EXAM - D.T. CAMPUS,17-Apr-2024 at 9:00 AM,17-Apr-2024 at 12:00 PM,,,,,
ANAT 314,001L,Human Musculoskeletal Anatomy,IN-PERSON - LAB EXAM - D.T. CAMPUS,29-Apr-2024 at 2:00 PM,29-Apr-2024 at 5:00 PM,,,,,
ANAT 316,1,Clinical Human Visceral Anat,IN-PERSON - FORMAL EXAM - D.T. CAMPUS,26-Apr-2024 at 9:00 AM,26-Apr-2024 at 12:00 PM,,,,,
ANAT 316,001L,Clinical Human Visceral Anat,IN-PERSON - LAB EXAM - D.T. CAMPUS,19-Apr-2024 at 2:00 PM,19-Apr-2024 at 5:00 PM,,,,,
ANAT 322,1,Neuroendocrinology,IN-PERSON - FORMAL EXAM - D.T. CAMPUS,19-Apr-2024 at 2:00 PM,19-Apr-2024 at 5:00 PM,,,,,
ANAT 416,1,"Dev., Disease and Regeneration",IN-PERSON - FORMAL EXAM - D.T. CAMPUS,22-Apr-2024 at 9:00 AM,22-Apr-2024 at 12:00 PM,,,,,
ANAT 458,1,Membranes & Cellular Signaling,IN-PERSON - IN DEPARTMENT EXAM - D.T. CAMPUS,15-Apr-2024 at 9:00 AM,15-Apr-2024 at 12:00 PM,,,,,
ANAT 514,1,Adv Human Anatomy Laboratory,IN-PERSON - LAB EXAM - D.T. CAMPUS,18-Apr-2024 at 2:00 PM,18-Apr-2024 at 5:00 PM,,,,,
ANAT 542,1,TEM of Biological Samples,IN-PERSON - IN DEPARTMENT EXAM - D.T. CAMPUS,29-Apr-2024 at 9:00 AM,29-Apr-2024 at 12:00 PM,,,,,
ANSC 251,1,Comparative Anatomy,IN-PERSON - LAB EXAM - MAC CAMPUS,29-Apr-2024 at 2:00 PM,29-Apr-2024 at 5:00 PM,,,,,
ANSC 301,1,Principles of Animal Breeding,IN-PERSON - FORMAL EXAM - MAC CAMPUS,26-Apr-2024 at 2:00 PM,26-Apr-2024 at 5:00 PM,,,,,
ANSC 234,1,Biochmistry 2,IN-PERSON - FORMAL EXAM - MAC CAMPUS,26-Apr-2024 at 9:00 AM,26-Apr-2024 at 12:00 PM,,,,,
ANSC 350,1,Food-Borne Pathogens,IN-PERSON - FORMAL EXAM - MAC CAMPUS,23-Apr-2024 at 2:00 PM,23-Apr-2024 at 5:00 PM,,,,,
ANSC 424,1,Metabolic Endocrinology,IN-PERSON - FORMAL EXAM - MAC CAMPUS,24-Apr-2024 at 2:00 PM,24-Apr-2024 at 5:00 PM,,,,,
ANSC 451,1,Dairy and Beef Prod Management,IN-PERSON - FORMAL EXAM - MAC CAMPUS,25-Apr-2024 at 2:00 PM,25-Apr-2024 at 5:00 PM,,,,,
ANTH 209,1,Anthropology of Religion,IN-PERSON - FORMAL EXAM - D.T. CAMPUS,22-Apr-2024 at 2:00 PM,22-Apr-2024 at 5:00 PM,,,,,
ANTH 213,1,Archaeology of Health&Disease,IN-PERSON - IN DEPARTMENT EXAM - D.T. CAMPUS,15-Apr-2024 at 9:00 AM,15-Apr-2024 at 12:00 PM,,,,,
ANTH 222,1,Legal Anthropology,ONLINE - TAKE-HOME - 1 WEEK,22-Apr-2024 at 9:00 AM,29-Apr-2024 at 9:00 AM,,,,,
ANTH 322,1,Social Change in Modern Africa,ONLINE - TAKE-HOME - 72 HOURS,15-Apr-2024 at 9:00 AM,18-Apr-2024 at 9:00 AM,,,,,
ANTH 327,1,Anthropology of South Asia,ONLINE - TAKE-HOME - 72 HOURS,22-Apr-2024 at 9:00 AM,25-Apr-2024 at 9:00 AM,,,,,
ANTH 359,1,Hist of Archaeological Theory,ONLINE - TAKE-HOME - 72 HOURS,22-Apr-2024 at 9:00 AM,25-Apr-2024 at 9:00 AM,,,,,
ANTH 513,1,The Poetry of Anthropology,ONLINE - TAKE-HOME - 72 HOURS,15-Apr-2024 at 9:00 AM,18-Apr-2024 at 9:00 AM,,,,,
ANTH 551,1,Adv Topics: Archaeological Res,ONLINE - TAKE-HOME - 72 HOURS,16-Apr-2024 at 9:00 AM,19-Apr-2024 at 9:00 AM,,,,,
ARCH 202,1,Arch Graphics&Elements of Des,IN-PERSON - ALL DAY ORAL - D.T. CAMPUS,15-Apr-2024 at 9:00 AM,15-Apr-2024 at 5:00 PM,,,,,
ARCH 241,1,Architectural Structures 1,IN-PERSON - FORMAL EXAM - D.T. CAMPUS,23-Apr-2024 at 9:00 AM,23-Apr-2024 at 12:00 PM,,,,,
ARCH 251,1,Architectural History 2,IN-PERSON - IN DEPARTMENT EXAM - D.T. CAMPUS,26-Apr-2024 at 2:00 PM,26-Apr-2024 at 5:00 PM,,,,,
ARCH 251,4,Architectural History 2,IN-PERSON - IN DEPARTMENT EXAM - D.T. CAMPUS,26-Apr-2024 at 2:00 PM,26-Apr-2024 at 5:00 PM,,,,,
ARCH 304,1,Design and Construction 2,IN-PERSON - ALL DAY ORAL - D.T. CAMPUS,16-Apr-2024 at 9:00 AM,16-Apr-2024 at 5:00 PM,,,,,
ARCH 304,2,Design and Construction 2,IN-PERSON - ALL DAY ORAL - D.T. CAMPUS,16-Apr-2024 at 9:00 AM,16-Apr-2024 at 5:00 PM,,,,,
ARCH 355,1,Architectural History 4,IN-PERSON - FORMAL EXAM - D.T. CAMPUS,26-Apr-2024 at 9:00 AM,26-Apr-2024 at 12:00 PM,,,,,
ARCH 406,1,Design and Construction 4,IN-PERSON - TWO DAY ORAL EXAM - D.T. CAMPUS,17-Apr-2024 at 9:00 AM,19-Apr-2024 at 5:00 PM,,,,,
ARCH 406,2,Design and Construction 4,IN-PERSON - TWO DAY ORAL EXAM - D.T. CAMPUS,17-Apr-2024 at 9:00 AM,19-Apr-2024 at 5:00 PM,,,,,
ARCH 406,3,Design and Construction 4,IN-PERSON - TWO DAY ORAL EXAM - D.T. CAMPUS,17-Apr-2024 at 9:00 AM,19-Apr-2024 at 5:00 PM,,,,,
ARCH 406,7,Design and Construction 4,IN-PERSON - TWO DAY ORAL EXAM - D.T. CAMPUS,17-Apr-2024 at 9:00 AM,19-Apr-2024 at 5:00 PM,,,,,
ARCH 673,1,Architectural Design Studio 2,IN-PERSON - ALL DAY ORAL - D.T. CAMPUS,19-Apr-2024 at 9:00 AM,19-Apr-2024 at 5:00 PM,,,,,
ARCH 673,2,Architectural Design Studio 2,IN-PERSON - ALL DAY ORAL - D.T. CAMPUS,19-Apr-2024 at 9:00 AM,19-Apr-2024 at 5:00 PM,,,,,
ARCH 673,3,Architectural Design Studio 2,IN-PERSON - ALL DAY ORAL - D.T. CAMPUS,19-Apr-2024 at 9:00 AM,19-Apr-2024 at 5:00 PM,,,,,
ARCH 683,1,Directed Research Project,IN-PERSON - TWO DAY ORAL EXAM - D.T. CAMPUS,22-Apr-2024 at 9:00 AM,24-Apr-2024 at 5:00 PM,,,,,
ARTH 305,1,Methods in Art History,IN-PERSON - IN DEPARTMENT EXAM - D.T. CAMPUS,29-Apr-2024 at 9:00 AM,29-Apr-2024 at 12:00 PM,,,,,
ARTH 321,1,Visual Culture-Dutch Republic,ONLINE - TAKE-HOME - 72 HOURS,23-Apr-2024 at 2:00 PM,26-Apr-2024 at 2:00 PM,,,,,
ARTH 353,1,Selected Topics in Art Hist 1,ONLINE - TIMED EXAM - 3 HOURS,18-Apr-2024 at 9:00 AM,18-Apr-2024 at 12:00 PM,,,,,
ARTH 368,1,Studs in Northern Ren Art 01,ONLINE - TAKE-HOME - 72 HOURS,22-Apr-2024 at 9:00 AM,25-Apr-2024 at 9:00 AM,,,,,
ATOC 183,1,Climate and Climate Change,ONLINE - TIMED EXAM - 72 HOURS,23-Apr-2024 at 2:00 PM,26-Apr-2024 at 2:00 PM,,,,,
ATOC 184,1,Science of Storms,IN-PERSON - FORMAL EXAM - D.T. CAMPUS,24-Apr-2024 at 2:00 PM,24-Apr-2024 at 5:00 PM,,,,,
ATOC 215,1,"Oceans, Weather and Climate",IN-PERSON - FORMAL EXAM - D.T. CAMPUS,19-Apr-2024 at 9:00 AM,19-Apr-2024 at 12:00 PM,,,,,
ATOC 219,1,Intro to Atmospheric Chemistry,IN-PERSON - FORMAL EXAM - D.T. CAMPUS,17-Apr-2024 at 9:00 AM,17-Apr-2024 at 12:00 PM,,,,,
ATOC 309,1,Weather Radars and Satellites,IN-PERSON - IN DEPARTMENT EXAM - D.T. CAMPUS,18-Apr-2024 at 2:00 PM,18-Apr-2024 at 5:00 PM,,,,,
ATOC 517,1,Boundary Layer Meteorology,IN-PERSON - IN DEPARTMENT EXAM - D.T. CAMPUS,23-Apr-2024 at 9:00 AM,23-Apr-2024 at 12:00 PM,,,,,
ATOC 521,1,Cloud Physics,IN-PERSON - IN DEPARTMENT EXAM - D.T. CAMPUS,29-Apr-2024 at 9:00 AM,29-Apr-2024 at 12:00 PM,,,,,
ATOC 541,1,Synoptic Meteorology 2,IN-PERSON - IN DEPARTMENT EXAM - D.T. CAMPUS,26-Apr-2024 at 2:00 PM,26-Apr-2024 at 5:00 PM,,,,,
BIEN 300,1,Thermodynamics in Bioengin,IN-PERSON - FORMAL EXAM - D.T. CAMPUS,18-Apr-2024 at 2:00 PM,18-Apr-2024 at 5:00 PM,,,,,
BIEN 330,1,Tissue Eng & Regenerative Med,IN-PERSON - FORMAL EXAM - D.T. CAMPUS,24-Apr-2024 at 2:00 PM,24-Apr-2024 at 5:00 PM,,,,,
BIEN 360,1,Physical Chemistry in Bioengin,IN-PERSON - FORMAL EXAM - D.T. CAMPUS,25-Apr-2024 at 9:00 AM,25-Apr-2024 at 12:00 PM,,,,,
BIEN 500,1,Special Topics in Bioeng 1,ONLINE - TAKE-HOME - 24 HOURS,25-Apr-2024 at 2:00 PM,26-Apr-2024 at 2:00 PM,,,,,
BIEN 500,2,Special Topics in Bioeng 1,ONLINE - TAKE-HOME - 24 HOURS,25-Apr-2024 at 2:00 PM,26-Apr-2024 at 2:00 PM,,,,,
BIEN 595,1,Adv Biomol Systems Modelling,IN-PERSON - IN DEPARTMENT EXAM - D.T. CAMPUS,19-Apr-2024 at 9:00 AM,19-Apr-2024 at 12:00 PM,,,,,
BIEN 595,2,Adv Biomol Systems Modelling,IN-PERSON - IN DEPARTMENT EXAM - D.T. CAMPUS,19-Apr-2024 at 9:00 AM,19-Apr-2024 at 12:00 PM,,,,,
BINF 511,1,Bioinformatics for Genomics,IN-PERSON - LAB EXAM - MAC CAMPUS,24-Apr-2024 at 2:00 PM,24-Apr-2024 at 5:00 PM,,,,,
BIOC 212,1,Molec Mechanisms of Cell Funct,IN-PERSON - FORMAL EXAM - D.T. CAMPUS,24-Apr-2024 at 9:00 AM,24-Apr-2024 at 12:00 PM,,,,,
BIOC 312,1,Biochemistry of Macromolecules,IN-PERSON - FORMAL EXAM - D.T. CAMPUS,18-Apr-2024 at 2:00 PM,18-Apr-2024 at 5:00 PM,,,,,
BIOC 404,1,Biophysical Methods in Biochem,IN-PERSON - FORMAL EXAM - D.T. CAMPUS,23-Apr-2024 at 9:00 AM,23-Apr-2024 at 12:00 PM,,,,,
BIOC 458,1,Membranes & Cellular Signaling,IN-PERSON - IN DEPARTMENT EXAM - D.T. CAMPUS,15-Apr-2024 at 9:00 AM,15-Apr-2024 at 12:00 PM,,,,,
BIOC 470,1,Lipids&lipoproteins in Disease,IN-PERSON - IN DEPARTMENT EXAM - D.T. CAMPUS,25-Apr-2024 at 2:00 PM,25-Apr-2024 at 5:00 PM,,,,,
BIOC 503,1,Biochmistry of ImmuneDiseases,IN-PERSON - IN DEPARTMENT EXAM - D.T. CAMPUS,17-Apr-2024 at 9:00 AM,17-Apr-2024 at 12:00 PM,,,,,
BIOL 112,1,Cell and Molecular Biology,IN-PERSON - FORMAL EXAM - D.T. CAMPUS,26-Apr-2024 at 2:00 PM,26-Apr-2024 at 5:00 PM,,,,,
BIOL 201,1,Cell Biology & Metabolism,IN-PERSON - FORMAL EXAM - D.T. CAMPUS,16-Apr-2024 at 9:00 AM,16-Apr-2024 at 12:00 PM,,,,,
BIOL 202,1,Basic Genetics,IN-PERSON - FORMAL EXAM - D.T. CAMPUS,23-Apr-2024 at 2:00 PM,23-Apr-2024 at 5:00 PM,,,,,
BIOL 205,1,Functional Biol of Plnts&Anmls,IN-PERSON - FORMAL EXAM - D.T. CAMPUS,26-Apr-2024 at 2:00 PM,26-Apr-2024 at 5:00 PM,,,,,
BIOL 216,1,Biology of Behaviour,IN-PERSON - FORMAL EXAM - D.T. CAMPUS,19-Apr-2024 at 2:00 PM,19-Apr-2024 at 5:00 PM,,,,,
BIOL 303,1,Developmental Biology,ONLINE - TIMED EXAM - 3 HOURS,23-Apr-2024 at 9:00 AM,23-Apr-2024 at 12:00 PM,,,,,
BIOL 305,1,Animal Diversity,IN-PERSON - FORMAL EXAM - D.T. CAMPUS,30-Apr-2024 at 9:00 AM,30-Apr-2024 at 12:00 PM,,,,,
BIOL 314,1,Molecular Biology of Cancer,IN-PERSON - FORMAL EXAM - D.T. CAMPUS,24-Apr-2024 at 9:00 AM,24-Apr-2024 at 12:00 PM,,,,,
BIOL 319,1,Introduction to Biophysics,IN-PERSON - FORMAL EXAM - D.T. CAMPUS,16-Apr-2024 at 2:00 PM,16-Apr-2024 at 5:00 PM,,,,,
BIOL 320,1,Evolution of Brain & Behaviour,IN-PERSON - FORMAL EXAM - D.T. CAMPUS,26-Apr-2024 at 9:00 AM,26-Apr-2024 at 12:00 PM,,,,,
BIOL 352,1,Dinosaur Biology,IN-PERSON - FORMAL EXAM - D.T. CAMPUS,25-Apr-2024 at 9:00 AM,25-Apr-2024 at 12:00 PM,,,,,
BIOL 568,1,Topics on the Human Genome,IN-PERSON - IN DEPARTMENT EXAM - D.T. CAMPUS,17-Apr-2024 at 9:00 AM,17-Apr-2024 at 12:00 PM,,,,,
BREE 217,1,Hydrology and Water Resources,IN-PERSON - FORMAL EXAM - MAC CAMPUS,25-Apr-2024 at 9:00 AM,25-Apr-2024 at 12:00 PM,,,,,
BREE 301,1,Biothermodynamics,IN-PERSON - FORMAL EXAM - MAC CAMPUS,19-Apr-2024 at 2:00 PM,19-Apr-2024 at 5:00 PM,,,,,
BREE 314,1,Agri-Food Buildings,IN-PERSON - FORMAL EXAM - MAC CAMPUS,23-Apr-2024 at 9:00 AM,23-Apr-2024 at 12:00 PM,,,,,
BREE 341,1,Mechanics of Materials,IN-PERSON - FORMAL EXAM - MAC CAMPUS,17-Apr-2024 at 2:00 PM,17-Apr-2024 at 5:00 PM,,,,,
BREE 501,1,Simulation and Modelling,IN-PERSON - LAB EXAM - MAC CAMPUS,29-Apr-2024 at 9:00 AM,29-Apr-2024 at 12:00 PM,,,,,
BREE 518,1,Ecological Engineering,IN-PERSON - FORMAL EXAM - MAC CAMPUS,23-Apr-2024 at 9:00 AM,23-Apr-2024 at 12:00 PM,,,,,
BREE 519,1,Advanced Food Engineering,IN-PERSON - FORMAL EXAM - MAC CAMPUS,23-Apr-2024 at 9:00 AM,23-Apr-2024 at 12:00 PM,,,,,
CANS 301,1,Topics in Canadian Studies 2,IN-PERSON - FORMAL EXAM - D.T. CAMPUS,23-Apr-2024 at 9:00 AM,23-Apr-2024 at 12:00 PM,,,,,
CANS 312,1,Topics in Cdn Public Affairs 2,IN-PERSON - FORMAL EXAM - D.T. CAMPUS,18-Apr-2024 at 2:00 PM,18-Apr-2024 at 5:00 PM,,,,,
CANS 406,1,Canadian Studies Seminar 6,IN-PERSON - FORMAL EXAM - D.T. CAMPUS,30-Apr-2024 at 9:00 AM,30-Apr-2024 at 12:00 PM,,,,,
CHEE 204,1,Chem Engineering Principles 2,IN-PERSON - IN DEPARTMENT EXAM - D.T. CAMPUS,18-Apr-2024 at 9:00 AM,18-Apr-2024 at 12:00 PM,,,,,
CHEE 220,1,Chemical Engrg Thermodynamics,IN-PERSON - FORMAL EXAM - D.T. CAMPUS,25-Apr-2024 at 9:00 AM,25-Apr-2024 at 12:00 PM,,,,,
CHEE 315,1,Heat and Mass Transfer,IN-PERSON - FORMAL EXAM - D.T. CAMPUS,17-Apr-2024 at 2:00 PM,17-Apr-2024 at 5:00 PM,,,,,
CHEE 351,1,Separation Processes,IN-PERSON - IN DEPARTMENT EXAM - D.T. CAMPUS,26-Apr-2024 at 2:00 PM,26-Apr-2024 at 5:00 PM,,,,,
CHEE 440,1,Process Modelling,IN-PERSON - FORMAL EXAM - D.T. CAMPUS,29-Apr-2024 at 9:00 AM,29-Apr-2024 at 12:00 PM,,,,,
CHEE 456D2,1,Design Project,IN-PERSON - TWO DAY ORAL EXAM - D.T. CAMPUS,23-Apr-2024 at 9:00 AM,24-Apr-2024 at 5:00 PM,,,,,
CHEE 474,1,Biochemical Engineering,IN-PERSON - THREE DAY ORAL EXAM - D.T. CAMPUS,22-Apr-2024 at 9:00 AM,24-Apr-2024 at 5:00 PM,,,,,
CHEE 484,1,Materials Engineering,IN-PERSON - FORMAL EXAM - D.T. CAMPUS,19-Apr-2024 at 2:00 PM,19-Apr-2024 at 5:00 PM,,,,,
CHEE 582,1,Polymer Science & Engineering,IN-PERSON - FORMAL EXAM - D.T. CAMPUS,30-Apr-2024 at 9:00 AM,30-Apr-2024 at 12:00 PM,,,,,
CHEM 120,1,General Chemistry 2,IN-PERSON - FORMAL EXAM - D.T. CAMPUS,19-Apr-2024 at 9:00 AM,19-Apr-2024 at 12:00 PM,,,,,
CHEM 120,2,General Chemistry 2,IN-PERSON - FORMAL EXAM - D.T. CAMPUS,19-Apr-2024 at 9:00 AM,19-Apr-2024 at 12:00 PM,,,,,
CHEM 181,1,World of Chem: Food,ONLINE - TIMED EXAM - 3 HOURS,19-Apr-2024 at 6:30 PM,19-Apr-2024 at 9:30 PM,,,,,
CHEM 204,1,Physical Chem/Biological Scis1,IN-PERSON - FORMAL EXAM - D.T. CAMPUS,22-Apr-2024 at 2:00 PM,22-Apr-2024 at 5:00 PM,,,,,
CHEM 214,1,Physical Chem./Biol. Sci. 2,IN-PERSON - FORMAL EXAM - D.T. CAMPUS,29-Apr-2024 at 2:00 PM,29-Apr-2024 at 5:00 PM,,,,,
CHEM 219,1,Intro to Atmospheric Chemistry,IN-PERSON - FORMAL EXAM - D.T. CAMPUS,17-Apr-2024 at 9:00 AM,17-Apr-2024 at 12:00 PM,,,,,
CHEM 222,1,Intro Organic Chemistry 2,IN-PERSON - FORMAL EXAM - D.T. CAMPUS,15-Apr-2024 at 2:00 PM,15-Apr-2024 at 5:00 PM,,,,,
CHEM 222,2,Intro Organic Chemistry 2,IN-PERSON - FORMAL EXAM - D.T. CAMPUS,15-Apr-2024 at 2:00 PM,15-Apr-2024 at 5:00 PM,,,,,
CHEM 233,1,Topics in Physical Chemistry,IN-PERSON - FORMAL EXAM - D.T. CAMPUS,18-Apr-2024 at 9:00 AM,18-Apr-2024 at 12:00 PM,,,,,
CHEM 234,1,Topics in Organic Chemistry,IN-PERSON - FORMAL EXAM - D.T. CAMPUS,15-Apr-2024 at 2:00 PM,15-Apr-2024 at 5:00 PM,,,,,
CHEM 273,1,IntroPhysclChem2:Kinetics&Meth,IN-PERSON - IN DEPARTMENT EXAM - D.T. CAMPUS,23-Apr-2024 at 2:00 PM,23-Apr-2024 at 5:00 PM,,,,,
CHEM 281,1,Inorganic Chemistry 1,IN-PERSON - IN DEPARTMENT EXAM - D.T. CAMPUS,19-Apr-2024 at 9:00 AM,19-Apr-2024 at 12:00 PM,,,,,
CHEM 332,1,Biological Chemistry,IN-PERSON - IN DEPARTMENT EXAM - D.T. CAMPUS,25-Apr-2024 at 2:00 PM,25-Apr-2024 at 5:00 PM,,,,,
CHEM 334,1,Advanced Materials,IN-PERSON - IN DEPARTMENT EXAM - D.T. CAMPUS,22-Apr-2024 at 9:00 AM,22-Apr-2024 at 12:00 PM,,,,,
CHEM 355,1,Applications of Quantum Chem.,IN-PERSON - FORMAL EXAM - D.T. CAMPUS,18-Apr-2024 at 9:00 AM,18-Apr-2024 at 12:00 PM,,,,,
CHEM 377,1,Instrumental Analysis 2,IN-PERSON - FORMAL EXAM - D.T. CAMPUS,29-Apr-2024 at 9:00 AM,29-Apr-2024 at 12:00 PM,,,,,
CHEM 462,1,Green Chemistry,IN-PERSON - IN DEPARTMENT EXAM - D.T. CAMPUS,29-Apr-2024 at 9:00 AM,29-Apr-2024 at 12:00 PM,,,,,
CHEM 482,1,Organic Chem:Natural Products,IN-PERSON - IN DEPARTMENT EXAM - D.T. CAMPUS,29-Apr-2024 at 9:00 AM,29-Apr-2024 at 12:00 PM,,,,,
CHEM 502,1,Advanced Bio-Organic Chemistry,IN-PERSON - IN DEPARTMENT EXAM - D.T. CAMPUS,24-Apr-2024 at 2:00 PM,24-Apr-2024 at 5:00 PM,,,,,
CHEM 503,1,Drug Discovery,IN-PERSON - IN DEPARTMENT EXAM - D.T. CAMPUS,22-Apr-2024 at 9:00 AM,22-Apr-2024 at 12:00 PM,,,,,
CHEM 505,1,Comp Model of Molecules & Mtls,ONLINE - TAKE-HOME - 72 HOURS,15-Apr-2024 at 9:00 AM,18-Apr-2024 at 9:00 AM,,,,,
CHEM 532,1,Structural Organic Chemistry,IN-PERSON - IN DEPARTMENT EXAM - D.T. CAMPUS,26-Apr-2024 at 2:00 PM,26-Apr-2024 at 5:00 PM,,,,,
CHEM 533,1,Small Molecule Crystallography,IN-PERSON - IN DEPARTMENT EXAM - D.T. CAMPUS,15-Apr-2024 at 9:00 AM,15-Apr-2024 at 12:00 PM,,,,,
CHEM 577,1,Electrochemistry,ONLINE - TAKE-HOME - 72 HOURS,16-Apr-2024 at 9:00 AM,19-Apr-2024 at 9:00 AM,,,,,
CIVE 202,1,Construction Materials,IN-PERSON - FORMAL EXAM - D.T. CAMPUS,18-Apr-2024 at 9:00 AM,18-Apr-2024 at 12:00 PM,,,,,
CIVE 205,1,Statics,IN-PERSON - FORMAL EXAM - D.T. CAMPUS,25-Apr-2024 at 9:00 AM,25-Apr-2024 at 12:00 PM,,,,,
CIVE 206,1,Dynamics,IN-PERSON - FORMAL EXAM - D.T. CAMPUS,25-Apr-2024 at 9:00 AM,25-Apr-2024 at 12:00 PM,,,,,
CIVE 207,1,Solid Mechanics,IN-PERSON - FORMAL EXAM - D.T. CAMPUS,24-Apr-2024 at 9:00 AM,24-Apr-2024 at 12:00 PM,,,,,
CIVE 225,1,Environmental Engineering,IN-PERSON - FORMAL EXAM - D.T. CAMPUS,15-Apr-2024 at 9:00 AM,15-Apr-2024 at 12:00 PM,,,,,
CIVE 302,1,Probabilistic Systems,IN-PERSON - FORMAL EXAM - D.T. CAMPUS,24-Apr-2024 at 2:00 PM,24-Apr-2024 at 5:00 PM,,,,,
CIVE 318,1,Structural Engineering 2,IN-PERSON - FORMAL EXAM - D.T. CAMPUS,19-Apr-2024 at 2:00 PM,19-Apr-2024 at 5:00 PM,,,,,
CIVE 319,1,Transportation Engineering,IN-PERSON - FORMAL EXAM - D.T. CAMPUS,29-Apr-2024 at 9:00 AM,29-Apr-2024 at 12:00 PM,,,,,
CIVE 324,1,Sustainable Project Management,IN-PERSON - FORMAL EXAM - D.T. CAMPUS,30-Apr-2024 at 9:00 AM,30-Apr-2024 at 12:00 PM,,,,,
CIVE 327,1,Fluid Mechanics & Hydraulics,IN-PERSON - FORMAL EXAM - D.T. CAMPUS,18-Apr-2024 at 2:00 PM,18-Apr-2024 at 5:00 PM,,,,,
CIVE 416,1,Geotechnical Engineering,IN-PERSON - FORMAL EXAM - D.T. CAMPUS,25-Apr-2024 at 9:00 AM,25-Apr-2024 at 12:00 PM,,,,,
CIVE 460,1,Matrix Structural Analysis,IN-PERSON - FORMAL EXAM - D.T. CAMPUS,24-Apr-2024 at 2:00 PM,24-Apr-2024 at 5:00 PM,,,,,
CIVE 463,1,Design of Concrete Structures,IN-PERSON - FORMAL EXAM - D.T. CAMPUS,16-Apr-2024 at 9:00 AM,16-Apr-2024 at 12:00 PM,,,,,
CIVE 512,1,Advanced Civil Engrg Materials,IN-PERSON - IN DEPARTMENT EXAM - D.T. CAMPUS,15-Apr-2024 at 9:00 AM,15-Apr-2024 at 12:00 PM,,,,,
CIVE 540,1,Urban Transportation Planning,IN-PERSON - IN DEPARTMENT EXAM - D.T. CAMPUS,23-Apr-2024 at 9:00 AM,23-Apr-2024 at 12:00 PM,,,,,
CIVE 542,1,Transport Network Analysis,IN-PERSON - IN DEPARTMENT EXAM - D.T. CAMPUS,29-Apr-2024 at 9:00 AM,29-Apr-2024 at 12:00 PM,,,,,
CIVE 546,1,Selected Topics in Civil Eng 1,IN-PERSON - IN DEPARTMENT EXAM - D.T. CAMPUS,26-Apr-2024 at 2:00 PM,26-Apr-2024 at 5:00 PM,,,,,
CIVE 550,1,Water Resources Management,IN-PERSON - IN DEPARTMENT EXAM - D.T. CAMPUS,17-Apr-2024 at 2:00 PM,17-Apr-2024 at 5:00 PM,,,,,
CIVE 555,1,Environmental Data Analysis,IN-PERSON - FORMAL EXAM - D.T. CAMPUS,18-Apr-2024 at 9:00 AM,18-Apr-2024 at 12:00 PM,,,,,
CLAS 212,1,Introductory Latin 2,IN-PERSON - IN DEPARTMENT EXAM - D.T. CAMPUS,23-Apr-2024 at 9:00 AM,23-Apr-2024 at 12:00 PM,,,,,
CLAS 212,2,Introductory Latin 2,IN-PERSON - IN DEPARTMENT EXAM - D.T. CAMPUS,23-Apr-2024 at 9:00 AM,23-Apr-2024 at 12:00 PM,,,,,
CLAS 222,1,Introductory Ancient Greek 2,IN-PERSON - IN DEPARTMENT EXAM - D.T. CAMPUS,25-Apr-2024 at 2:00 PM,25-Apr-2024 at 5:00 PM,,,,,
CLAS 230D2,1,Introductory Modern Greek,IN-PERSON - IN DEPARTMENT EXAM - D.T. CAMPUS,23-Apr-2024 at 2:00 PM,23-Apr-2024 at 5:00 PM,,,,,
CLAS 302,1,Roman Literature and Society,IN-PERSON - IN DEPARTMENT EXAM - D.T. CAMPUS,19-Apr-2024 at 9:00 AM,19-Apr-2024 at 12:00 PM,,,,,
CLAS 312,1,Intermediate Latin 2,IN-PERSON - IN DEPARTMENT EXAM - D.T. CAMPUS,17-Apr-2024 at 9:00 AM,17-Apr-2024 at 12:00 PM,,,,,
CLAS 332,1,Intermediate Modern Greek 2,IN-PERSON - IN DEPARTMENT EXAM - D.T. CAMPUS,18-Apr-2024 at 2:00 PM,18-Apr-2024 at 5:00 PM,,,,,
CLAS 350,1,Special Topics in Classics,IN-PERSON - IN DEPARTMENT EXAM - D.T. CAMPUS,29-Apr-2024 at 9:00 AM,29-Apr-2024 at 12:00 PM,,,,,
CLAS 406,1,Greek and Roman Historiography,IN-PERSON - IN DEPARTMENT EXAM - D.T. CAMPUS,24-Apr-2024 at 9:00 AM,24-Apr-2024 at 12:00 PM,,,,,
CLAS 412,1,Advanced Latin: Themes,IN-PERSON - IN DEPARTMENT EXAM - D.T. CAMPUS,22-Apr-2024 at 9:00 AM,22-Apr-2024 at 12:00 PM,,,,,
CLAS 422,1,Advanced Ancient Greek: Themes,IN-PERSON - IN DEPARTMENT EXAM - D.T. CAMPUS,26-Apr-2024 at 2:00 PM,26-Apr-2024 at 5:00 PM,,,,,
CLAS 612,1,Topics in Latin Literature,IN-PERSON - IN DEPARTMENT EXAM - D.T. CAMPUS,22-Apr-2024 at 9:00 AM,22-Apr-2024 at 12:00 PM,,,,,
CLAS 622,1,Topics in Ancient Greek Lit,IN-PERSON - IN DEPARTMENT EXAM - D.T. CAMPUS,26-Apr-2024 at 2:00 PM,26-Apr-2024 at 5:00 PM,,,,,
COMP 204,1,Comp. Programming for Life Sci,IN-PERSON - FORMAL EXAM - D.T. CAMPUS,23-Apr-2024 at 9:00 AM,23-Apr-2024 at 2:00 PM,,,,,
COMP 206,1,Intro to Software Systems,IN-PERSON - FORMAL EXAM - D.T. CAMPUS,24-Apr-2024 at 9:00 AM,24-Apr-2024 at 12:00 PM,,,,,
COMP 208,1,Computer Programming for PS&E,IN-PERSON - FORMAL EXAM - D.T. CAMPUS,29-Apr-2024 at 2:00 PM,29-Apr-2024 at 5:00 PM,,,,,
COMP 208,2,Computer Programming for PS&E,IN-PERSON - FORMAL EXAM - D.T. CAMPUS,29-Apr-2024 at 2:00 PM,29-Apr-2024 at 5:00 PM,,,,,
COMP 251,1,Algorithms and Data Structures,IN-PERSON - FORMAL EXAM - D.T. CAMPUS,29-Apr-2024 at 9:00 AM,29-Apr-2024 at 12:00 PM,,,,,
COMP 252,1,Honours Algorithms&Data Struct,IN-PERSON - IN DEPARTMENT EXAM - D.T. CAMPUS,29-Apr-2024 at 9:00 AM,29-Apr-2024 at 12:00 PM,,,,,
COMP 302,1,Programming Lang & Paradigms,IN-PERSON - FORMAL EXAM - D.T. CAMPUS,17-Apr-2024 at 2:00 PM,17-Apr-2024 at 5:00 PM,,,,,
COMP 303,1,Software Design,IN-PERSON - FORMAL EXAM - D.T. CAMPUS,15-Apr-2024 at 9:00 AM,15-Apr-2024 at 12:00 PM,,,,,
COMP 310,1,Operating Systems,IN-PERSON - FORMAL EXAM - D.T. CAMPUS,15-Apr-2024 at 2:00 PM,15-Apr-2024 at 5:00 PM,,,,,
COMP 330,1,Theory of Computation,IN-PERSON - FORMAL EXAM - D.T. CAMPUS,19-Apr-2024 at 9:00 AM,19-Apr-2024 at 12:00 PM,,,,,
COMP 360,1,Algorithm Design,IN-PERSON - FORMAL EXAM - D.T. CAMPUS,29-Apr-2024 at 2:00 PM,29-Apr-2024 at 5:00 PM,,,,,
COMP 362,1,Honours Algorithm Design,IN-PERSON - FORMAL EXAM - D.T. CAMPUS,16-Apr-2024 at 2:00 PM,16-Apr-2024 at 5:00 PM,,,,,
COMP 409,1,Concurrent Programming,IN-PERSON - FORMAL EXAM - D.T. CAMPUS,25-Apr-2024 at 9:00 AM,25-Apr-2024 at 12:00 PM,,,,,
COMP 421,1,Database Systems,IN-PERSON - FORMAL EXAM - D.T. CAMPUS,26-Apr-2024 at 9:00 AM,26-Apr-2024 at 12:00 PM,,,,,
COMP 540,1,Matrix Computations,IN-PERSON - FORMAL EXAM - D.T. CAMPUS,24-Apr-2024 at 2:00 PM,24-Apr-2024 at 5:00 PM,,,,,
COMP 546,1,Computational Perception,IN-PERSON - FORMAL EXAM - D.T. CAMPUS,18-Apr-2024 at 9:00 AM,18-Apr-2024 at 12:00 PM,,,,,
COMP 551,1,Applied Machine Learning,IN-PERSON - FORMAL EXAM - D.T. CAMPUS,22-Apr-2024 at 2:00 PM,22-Apr-2024 at 5:00 PM,,,,,
COMP 553,1,Algorithmic Game Theory,IN-PERSON - FORMAL EXAM - D.T. CAMPUS,24-Apr-2024 at 9:00 AM,24-Apr-2024 at 12:00 PM,,,,,
COMP 557,1,Fundamentals of Comp. Graphics,IN-PERSON - FORMAL EXAM - D.T. CAMPUS,23-Apr-2024 at 9:00 AM,23-Apr-2024 at 12:00 PM,,,,,
COMP 559,1,Fund. Computer Animation,IN-PERSON - FORMAL EXAM - D.T. CAMPUS,30-Apr-2024 at 9:00 AM,30-Apr-2024 at 12:00 PM,,,,,
EAST 220D2,1,First Level Korean,IN-PERSON - FORMAL EXAM - D.T. CAMPUS,24-Apr-2024 at 9:00 AM,24-Apr-2024 at 12:00 PM,,,,,
EAST 220D2,2,First Level Korean,IN-PERSON - FORMAL EXAM - D.T. CAMPUS,24-Apr-2024 at 9:00 AM,24-Apr-2024 at 12:00 PM,,,,,
EAST 230D2,1,First Level Chinese,IN-PERSON - FORMAL EXAM - D.T. CAMPUS,24-Apr-2024 at 2:00 PM,24-Apr-2024 at 5:00 PM,,,,,
EAST 230D2,2,First Level Chinese,IN-PERSON - FORMAL EXAM - D.T. CAMPUS,24-Apr-2024 at 2:00 PM,24-Apr-2024 at 5:00 PM,,,,,
EAST 240D2,1,First Level Japanese,IN-PERSON - FORMAL EXAM - D.T. CAMPUS,19-Apr-2024 at 9:00 AM,19-Apr-2024 at 12:00 PM,,,,,
EAST 240D2,2,First Level Japanese,IN-PERSON - FORMAL EXAM - D.T. CAMPUS,19-Apr-2024 at 9:00 AM,19-Apr-2024 at 12:00 PM,,,,,
EAST 240D2,3,First Level Japanese,IN-PERSON - FORMAL EXAM - D.T. CAMPUS,19-Apr-2024 at 9:00 AM,19-Apr-2024 at 12:00 PM,,,,,
EAST 242,1,Japanese Writing Beginners 2,IN-PERSON - IN DEPARTMENT EXAM - D.T. CAMPUS,26-Apr-2024 at 2:00 PM,26-Apr-2024 at 5:00 PM,,,,,
EAST 279,1,Introduction to Film History,ONLINE - TAKE-HOME - 9 DAYS,11-Apr-2024 at 12:00 AM,20-Apr-2024 at 12:00 AM,,,,,
EAST 320D2,1,Second Level Korean,IN-PERSON - IN DEPARTMENT EXAM - D.T. CAMPUS,26-Apr-2024 at 2:00 PM,26-Apr-2024 at 5:00 PM,,,,,
EAST 330D2,1,Second Level Chinese,IN-PERSON - IN DEPARTMENT EXAM - D.T. CAMPUS,25-Apr-2024 at 2:00 PM,25-Apr-2024 at 5:00 PM,,,,,
EAST 330D2,2,Second Level Chinese,IN-PERSON - IN DEPARTMENT EXAM - D.T. CAMPUS,25-Apr-2024 at 2:00 PM,25-Apr-2024 at 5:00 PM,,,,,
EAST 340D2,1,Second Level Japanese,IN-PERSON - IN DEPARTMENT EXAM - D.T. CAMPUS,17-Apr-2024 at 9:00 AM,17-Apr-2024 at 12:00 PM,,,,,
EAST 340D2,2,Second Level Japanese,IN-PERSON - IN DEPARTMENT EXAM - D.T. CAMPUS,17-Apr-2024 at 9:00 AM,17-Apr-2024 at 12:00 PM,,,,,
EAST 342,1,Japanese Writing Intermed. 2,IN-PERSON - IN DEPARTMENT EXAM - D.T. CAMPUS,29-Apr-2024 at 9:00 AM,29-Apr-2024 at 12:00 PM,,,,,
EAST 430D2,1,Third Level Chinese,IN-PERSON - IN DEPARTMENT EXAM - D.T. CAMPUS,24-Apr-2024 at 9:00 AM,24-Apr-2024 at 12:00 PM,,,,,
EAST 440D2,1,Third Level Japanese,IN-PERSON - IN DEPARTMENT EXAM - D.T. CAMPUS,15-Apr-2024 at 9:00 AM,15-Apr-2024 at 12:00 PM,,,,,
EAST 530D2,1,Fourth Level Chinese,IN-PERSON - IN DEPARTMENT EXAM - D.T. CAMPUS,15-Apr-2024 at 9:00 AM,15-Apr-2024 at 12:00 PM,,,,,
EAST 540D2,1,Fourth Level Japanese,IN-PERSON - IN DEPARTMENT EXAM - D.T. CAMPUS,25-Apr-2024 at 9:00 AM,25-Apr-2024 at 12:00 PM,,,,,
ECON 208,1,Microeconomic Analysis&Applic,IN-PERSON - FORMAL EXAM - D.T. CAMPUS,25-Apr-2024 at 9:00 AM,25-Apr-2024 at 12:00 PM,,,,,
ECON 209,1,Macroeconomic Analysis&Applic,IN-PERSON - FORMAL EXAM - D.T. CAMPUS,23-Apr-2024 at 9:00 AM,23-Apr-2024 at 12:00 PM,,,,,
ECON 209,2,Macroeconomic Analysis&Applic,IN-PERSON - FORMAL EXAM - D.T. CAMPUS,23-Apr-2024 at 9:00 AM,23-Apr-2024 at 12:00 PM,,,,,
ECON 219,3,Current Econ Problems: Topics,IN-PERSON - FORMAL EXAM - D.T. CAMPUS,30-Apr-2024 at 9:00 AM,30-Apr-2024 at 12:00 PM,,,,,
ECON 227D2,1,Economic Statistics,IN-PERSON - FORMAL EXAM - D.T. CAMPUS,26-Apr-2024 at 9:00 AM,26-Apr-2024 at 12:00 PM,,,,,
ECON 227D2,2,Economic Statistics,IN-PERSON - FORMAL EXAM - D.T. CAMPUS,26-Apr-2024 at 9:00 AM,26-Apr-2024 at 12:00 PM,,,,,
ECON 230D2,1,Microeconomic Theory,IN-PERSON - FORMAL EXAM - D.T. CAMPUS,29-Apr-2024 at 2:00 PM,29-Apr-2024 at 5:00 PM,,,,,
ECON 230D2,2,Microeconomic Theory,IN-PERSON - FORMAL EXAM - D.T. CAMPUS,29-Apr-2024 at 2:00 PM,29-Apr-2024 at 5:00 PM,,,,,
ECON 250D2,1,Intro to Econ Theory: Honours,IN-PERSON - FORMAL EXAM - D.T. CAMPUS,22-Apr-2024 at 2:00 PM,22-Apr-2024 at 5:00 PM,,,,,
ECON 257D2,1,Economic Statistics-Honours,IN-PERSON - FORMAL EXAM - D.T. CAMPUS,15-Apr-2024 at 9:00 AM,15-Apr-2024 at 12:00 PM,,,,,
ECON 295,1,Macroeconomic Policy,IN-PERSON - FORMAL EXAM - D.T. CAMPUS,17-Apr-2024 at 9:00 AM,17-Apr-2024 at 12:00 PM,,,,,
ECON 295,2,Macroeconomic Policy,IN-PERSON - FORMAL EXAM - D.T. CAMPUS,17-Apr-2024 at 9:00 AM,17-Apr-2024 at 12:00 PM,,,,,
ECON 304,1,Financial Instruments and Inst.,IN-PERSON - FORMAL EXAM - D.T. CAMPUS,22-Apr-2024 at 9:00 AM,22-Apr-2024 at 12:00 PM,,,,,
ECON 310,1,Intro to Behavioural Economics,IN-PERSON - FORMAL EXAM - D.T. CAMPUS,16-Apr-2024 at 9:00 AM,16-Apr-2024 at 12:00 PM,,,,,
ECON 313,1,Economic Development 1,IN-PERSON - FORMAL EXAM - D.T. CAMPUS,19-Apr-2024 at 9:00 AM,19-Apr-2024 at 12:00 PM,,,,,
ECON 314,1,Economic Development 2,IN-PERSON - FORMAL EXAM - D.T. CAMPUS,22-Apr-2024 at 2:00 PM,22-Apr-2024 at 5:00 PM,,,,,
ECON 333,1,Macroeconomic Theory -Majors 2,IN-PERSON - FORMAL EXAM - D.T. CAMPUS,23-Apr-2024 at 9:00 AM,23-Apr-2024 at 12:00 PM,,,,,
ECON 338,1,Intro Econometrics 2,IN-PERSON - FORMAL EXAM - D.T. CAMPUS,15-Apr-2024 at 9:00 AM,15-Apr-2024 at 12:00 PM,,,,,
ECON 350,1,Gender and Economics,IN-PERSON - FORMAL EXAM - D.T. CAMPUS,25-Apr-2024 at 9:00 AM,25-Apr-2024 at 12:00 PM,,,,,
ECON 406,1,Topics in Economic Policy,IN-PERSON - FORMAL EXAM - D.T. CAMPUS,17-Apr-2024 at 2:00 PM,17-Apr-2024 at 5:00 PM,,,,,
ECON 409,1,Public Sector Economics 2,IN-PERSON - FORMAL EXAM - D.T. CAMPUS,17-Apr-2024 at 9:00 AM,17-Apr-2024 at 12:00 PM,,,,,
ECON 420,1,Topics in Economic Theory,IN-PERSON - IN DEPARTMENT EXAM - D.T. CAMPUS,19-Apr-2024 at 9:00 AM,19-Apr-2024 at 12:00 PM,,,,,
ECON 424,1,International Payments,IN-PERSON - FORMAL EXAM - D.T. CAMPUS,24-Apr-2024 at 2:00 PM,24-Apr-2024 at 5:00 PM,,,,,
ECON 447,1,Economics of Info&Uncertainty,IN-PERSON - FORMAL EXAM - D.T. CAMPUS,18-Apr-2024 at 9:00 AM,18-Apr-2024 at 12:00 PM,,,,,
ECON 450,1,Adv Economic Theory 1-Honours,IN-PERSON - FORMAL EXAM - D.T. CAMPUS,16-Apr-2024 at 2:00 PM,16-Apr-2024 at 5:00 PM,,,,,
ECON 469,1,Econometrics 2 - Honours,IN-PERSON - IN DEPARTMENT EXAM - D.T. CAMPUS,15-Apr-2024 at 9:00 AM,15-Apr-2024 at 12:00 PM,,,,,
ECON 510,1,Experimental Economics,IN-PERSON - FORMAL EXAM - D.T. CAMPUS,19-Apr-2024 at 2:00 PM,19-Apr-2024 at 5:00 PM,,,,,
ECSE 200,1,Electric Circuits 1,IN-PERSON - FORMAL EXAM - D.T. CAMPUS,19-Apr-2024 at 2:00 PM,19-Apr-2024 at 5:00 PM,,,,,
ECSE 205,1,Prob and Stats for Engineers,IN-PERSON - FORMAL EXAM - D.T. CAMPUS,29-Apr-2024 at 2:00 PM,29-Apr-2024 at 5:00 PM,,,,,
ECSE 206,1,Intro to Signals and Systems,IN-PERSON - FORMAL EXAM - D.T. CAMPUS,17-Apr-2024 at 2:00 PM,17-Apr-2024 at 5:00 PM,,,,,
ECSE 210,1,Electric Circuits 2,IN-PERSON - FORMAL EXAM - D.T. CAMPUS,19-Apr-2024 at 9:00 AM,19-Apr-2024 at 12:00 PM,,,,,
ECSE 222,1,Digital Logic,IN-PERSON - FORMAL EXAM - D.T. CAMPUS,15-Apr-2024 at 2:00 PM,15-Apr-2024 at 5:00 PM,,,,,
ECSE 223,1,Model-Based Programming,IN-PERSON - FORMAL EXAM - D.T. CAMPUS,18-Apr-2024 at 2:00 PM,18-Apr-2024 at 5:00 PM,,,,,
ECSE 250,1,Fundls of Software Development,IN-PERSON - FORMAL EXAM - D.T. CAMPUS,22-Apr-2024 at 2:00 PM,22-Apr-2024 at 5:00 PM,,,,,
ECSE 251,1,Electric and Magnetic Fields,IN-PERSON - FORMAL EXAM - D.T. CAMPUS,23-Apr-2024 at 9:00 AM,23-Apr-2024 at 12:00 PM,,,,,
ECSE 308,1,Intro to Commun Sys & Networks,IN-PERSON - FORMAL EXAM - D.T. CAMPUS,22-Apr-2024 at 9:00 AM,22-Apr-2024 at 12:00 PM,,,,,
ECSE 310,1,Thermodynamics of Computing,IN-PERSON - FORMAL EXAM - D.T. CAMPUS,16-Apr-2024 at 2:00 PM,16-Apr-2024 at 5:00 PM,,,,,
ECSE 321,1,Intro. to Software Engineering,IN-PERSON - FORMAL EXAM - D.T. CAMPUS,22-Apr-2024 at 2:00 PM,22-Apr-2024 at 5:00 PM,,,,,
ECSE 324,1,Computer Organization,IN-PERSON - FORMAL EXAM - D.T. CAMPUS,15-Apr-2024 at 9:00 AM,15-Apr-2024 at 12:00 PM,,,,,
ECSE 325,1,Digital Systems,IN-PERSON - FORMAL EXAM - D.T. CAMPUS,18-Apr-2024 at 9:00 AM,18-Apr-2024 at 12:00 PM,,,,,
ECSE 331,1,Electronics,IN-PERSON - FORMAL EXAM - D.T. CAMPUS,24-Apr-2024 at 2:00 PM,24-Apr-2024 at 5:00 PM,,,,,
ECSE 343,1,Numerical Methods in Eng,IN-PERSON - FORMAL EXAM - D.T. CAMPUS,26-Apr-2024 at 2:00 PM,26-Apr-2024 at 5:00 PM,,,,,
ECSE 354,1,Electromag Wave Propagation,IN-PERSON - FORMAL EXAM - D.T. CAMPUS,18-Apr-2024 at 2:00 PM,18-Apr-2024 at 5:00 PM,,,,,
ECSE 362,1,Fundamentals of Power Eng,IN-PERSON - FORMAL EXAM - D.T. CAMPUS,25-Apr-2024 at 2:00 PM,25-Apr-2024 at 5:00 PM,,,,,
ECSE 403,1,Control,IN-PERSON - FORMAL EXAM - D.T. CAMPUS,19-Apr-2024 at 2:00 PM,19-Apr-2024 at 5:00 PM,,,,,
ECSE 408,1,Communication Systems,IN-PERSON - IN DEPARTMENT EXAM - D.T. CAMPUS,23-Apr-2024 at 2:00 PM,23-Apr-2024 at 5:00 PM,,,,,
ECSE 422,1,Fault Tolerant Computing,IN-PERSON - IN DEPARTMENT EXAM - D.T. CAMPUS,25-Apr-2024 at 9:00 AM,25-Apr-2024 at 12:00 PM,,,,,
ECSE 423,1,Fundamentals of Photonics,IN-PERSON - IN DEPARTMENT EXAM - D.T. CAMPUS,29-Apr-2024 at 9:00 AM,29-Apr-2024 at 12:00 PM,,,,,
ECSE 425,1,Computer Architecture,IN-PERSON - FORMAL EXAM - D.T. CAMPUS,30-Apr-2024 at 9:00 AM,30-Apr-2024 at 12:00 PM,,,,,
ECSE 427,1,Operating Systems,IN-PERSON - FORMAL EXAM - D.T. CAMPUS,15-Apr-2024 at 2:00 PM,15-Apr-2024 at 5:00 PM,,,,,
ECSE 439,1,Software Language Engineering,IN-PERSON - FORMAL EXAM - D.T. CAMPUS,24-Apr-2024 at 2:00 PM,24-Apr-2024 at 5:00 PM,,,,,
ECSE 461,1,Electric Machinery,IN-PERSON - FORMAL EXAM - D.T. CAMPUS,29-Apr-2024 at 9:00 AM,29-Apr-2024 at 12:00 PM,,,,,
ECSE 507,1,Optimization & Optimal Control,ONLINE - TAKE-HOME - 72 HOURS,22-Apr-2024 at 9:00 AM,25-Apr-2024 at 9:00 AM,,,,,
ECSE 507,2,Optimization & Optimal Control,ONLINE - TAKE-HOME - 72 HOURS,22-Apr-2024 at 9:00 AM,25-Apr-2024 at 9:00 AM,,,,,
ECSE 539,1,Advanced Software Language Eng,IN-PERSON - FORMAL EXAM - D.T. CAMPUS,24-Apr-2024 at 2:00 PM,24-Apr-2024 at 5:00 PM,,,,,
ECSE 539,2,Advanced Software Language Eng,IN-PERSON - FORMAL EXAM - D.T. CAMPUS,24-Apr-2024 at 2:00 PM,24-Apr-2024 at 5:00 PM,,,,,
ECSE 551,1,Machine Learning for Engineers,IN-PERSON - FORMAL EXAM - D.T. CAMPUS,24-Apr-2024 at 2:00 PM,24-Apr-2024 at 5:00 PM,,,,,
ECSE 551,2,Machine Learning for Engineers,IN-PERSON - FORMAL EXAM - D.T. CAMPUS,24-Apr-2024 at 2:00 PM,24-Apr-2024 at 5:00 PM,,,,,
ECSE 596,1,Optical Waveguides,IN-PERSON - IN DEPARTMENT EXAM - D.T. CAMPUS,22-Apr-2024 at 9:00 AM,22-Apr-2024 at 12:00 PM,,,,,
ECSE 596,2,Optical Waveguides,IN-PERSON - IN DEPARTMENT EXAM - D.T. CAMPUS,22-Apr-2024 at 9:00 AM,22-Apr-2024 at 12:00 PM,,,,,
EDKP 206,1,Biomechanics of Human Movement,IN-PERSON - FORMAL EXAM - D.T. CAMPUS,23-Apr-2024 at 9:00 AM,23-Apr-2024 at 12:00 PM,,,,,
EDKP 342,1,Phys. Ed Methods,IN-PERSON - FORMAL EXAM - D.T. CAMPUS,18-Apr-2024 at 9:00 AM,18-Apr-2024 at 12:00 PM,,,,,
EDKP 391,1,Physiology in Sport & Exercise,IN-PERSON - FORMAL EXAM - D.T. CAMPUS,23-Apr-2024 at 9:00 AM,23-Apr-2024 at 12:00 PM,,,,,
EDKP 405,1,Sport in Society,IN-PERSON - FORMAL EXAM - D.T. CAMPUS,18-Apr-2024 at 2:00 PM,18-Apr-2024 at 5:00 PM,,,,,
EDKP 445,1,Exercise Metabolism,IN-PERSON - FORMAL EXAM - D.T. CAMPUS,23-Apr-2024 at 9:00 AM,23-Apr-2024 at 12:00 PM,,,,,
EDKP 449,1,Neuromusc & Inflamm Pathophys,ONLINE - TIMED EXAM - 24 HOURS,25-Apr-2024 at 9:00 AM,26-Apr-2024 at 9:00 AM,,,,,
EDPE 208,1,Personality&Social Development,IN-PERSON - FORMAL EXAM - D.T. CAMPUS,18-Apr-2024 at 9:00 AM,18-Apr-2024 at 12:00 PM,,,,,
EDPE 208,2,Personality&Social Development,IN-PERSON - FORMAL EXAM - D.T. CAMPUS,18-Apr-2024 at 9:00 AM,18-Apr-2024 at 12:00 PM,,,,,
EDPE 375,1,Introductory Statistics,ONLINE - TIMED EXAM - 48 HOURS,22-Apr-2024 at 9:00 AM,24-Apr-2024 at 9:00 AM,,,,,
ENGL 215,1,Intro to Shakespeare,IN-PERSON - FORMAL EXAM - D.T. CAMPUS,16-Apr-2024 at 2:00 PM,16-Apr-2024 at 5:00 PM,,,,,
ENGL 227,1,American Literature 3,ONLINE - TIMED EXAM - 3 HOURS,17-Apr-2024 at 2:00 PM,17-Apr-2024 at 5:00 PM,,,,,
ENGL 250,1,The Art of Theatre,ONLINE - TAKE-HOME - 72 HOURS,23-Apr-2024 at 2:00 PM,26-Apr-2024 at 2:00 PM,,,,,
ENGL 279,1,Introduction to Film as Art,ONLINE - TAKE-HOME - 9 DAYS,11-Apr-2024 at 12:00 AM,20-Apr-2024 at 12:00 AM,,,,,
ENGL 308,1,English Renaissance Drama 1,ONLINE - TAKE-HOME - 48 HOURS,22-Apr-2024 at 2:00 PM,24-Apr-2024 at 2:00 PM,,,,,
ENGL 322,1,Theories of the Text,ONLINE - TIMED EXAM - 3 HOURS,26-Apr-2024 at 2:00 PM,26-Apr-2024 at 5:00 PM,,,,,
ENGL 334,1,Victorian Poetry,ONLINE - TAKE-HOME - 72 HOURS,23-Apr-2024 at 9:00 AM,26-Apr-2024 at 9:00 AM,,,,,
ENGL 347,1,Great Writings of Europe 1,IN-PERSON - TWO DAY ORAL EXAM - D.T. CAMPUS,18-Apr-2024 at 9:00 AM,20-Apr-2024 at 5:00 PM,,,,,
ENGL 418,1,A Major Modernist Writer,ONLINE - TAKE-HOME - 8 DAYS,11-Apr-2024 at 12:00 PM,19-Apr-2024 at 12:00 PM,,,,,
ENGL 424,1,Irish Literature,ONLINE - TAKE-HOME - 7 DAYS,11-Apr-2024 at 12:00 PM,18-Apr-2024 at 12:00 PM,,,,,
ENGL 460,1,Studies in Literary Theory,ONLINE - TAKE-HOME - 48 HOURS,22-Apr-2024 at 2:00 PM,24-Apr-2024 at 2:00 PM,,,,,
ENVB 305,1,Population & Community Ecology,ONLINE - TAKE-HOME - 48 HOURS,22-Apr-2024 at 9:00 AM,24-Apr-2024 at 9:00 AM,,,,,
ENVR 200,51,The Global Environment,IN-PERSON - FORMAL EXAM - MAC CAMPUS,19-Apr-2024 at 9:00 AM,19-Apr-2024 at 12:00 PM,,,,,
ENVR 200,52,The Global Environment,IN-PERSON - FORMAL EXAM - MAC CAMPUS,19-Apr-2024 at 9:00 AM,19-Apr-2024 at 12:00 PM,,,,,
ENVR 202,1,The Evolving Earth,IN-PERSON - FORMAL EXAM - D.T. CAMPUS,29-Apr-2024 at 9:00 AM,29-Apr-2024 at 12:00 PM,,,,,
ENVR 202,2,The Evolving Earth,IN-PERSON - FORMAL EXAM - D.T. CAMPUS,29-Apr-2024 at 9:00 AM,29-Apr-2024 at 12:00 PM,,,,,
ENVR 202,51,The Evolving Earth,IN-PERSON - FORMAL EXAM - MAC CAMPUS,29-Apr-2024 at 9:00 AM,29-Apr-2024 at 12:00 PM,,,,,
ENVR 202,52,The Evolving Earth,IN-PERSON - FORMAL EXAM - MAC CAMPUS,29-Apr-2024 at 9:00 AM,29-Apr-2024 at 12:00 PM,,,,,
ENVR 203,1,"Knowledge, Ethics&Environment",IN-PERSON - FORMAL EXAM - D.T. CAMPUS,16-Apr-2024 at 2:00 PM,16-Apr-2024 at 5:00 PM,,,,,
ENVR 203,2,"Knowledge, Ethics&Environment",IN-PERSON - FORMAL EXAM - D.T. CAMPUS,16-Apr-2024 at 2:00 PM,16-Apr-2024 at 5:00 PM,,,,,
EPSC 180,1,The Terrestrial Planets,ONLINE - TAKE-HOME - 72 HOURS,23-Apr-2024 at 2:00 PM,26-Apr-2024 at 2:00 PM,,,,,
EPSC 186,1,Astrobiology,ONLINE - TIMED EXAM - 3 HOURS,25-Apr-2024 at 9:00 AM,25-Apr-2024 at 12:00 PM,,,,,
EPSC 201,1,Understanding Planet Earth,IN-PERSON - FORMAL EXAM - D.T. CAMPUS,16-Apr-2024 at 2:00 PM,16-Apr-2024 at 5:00 PM,,,,,
EPSC 212,1,Introductory Petrology,IN-PERSON - IN DEPARTMENT EXAM - D.T. CAMPUS,22-Apr-2024 at 9:00 AM,22-Apr-2024 at 12:00 PM,,,,,
EPSC 225,1,Properties of Minerals,IN-PERSON - IN DEPARTMENT EXAM - D.T. CAMPUS,18-Apr-2024 at 9:00 AM,18-Apr-2024 at 12:00 PM,,,,,
EPSC 325,1,Environmental Geochemistry,IN-PERSON - IN DEPARTMENT EXAM - D.T. CAMPUS,25-Apr-2024 at 9:00 AM,25-Apr-2024 at 12:00 PM,,,,,
EPSC 334,1,Invertebrate Paleontology,ONLINE - TIMED EXAM - 3 HOURS,30-Apr-2024 at 9:00 AM,30-Apr-2024 at 12:00 PM,,,,,
EPSC 425,1,Sediments to Sequences,IN-PERSON - IN DEPARTMENT EXAM - D.T. CAMPUS,29-Apr-2024 at 9:00 AM,29-Apr-2024 at 12:00 PM,,,,,
EPSC 547,1,Modeling Geochemical Processes,IN-PERSON - IN DEPARTMENT EXAM - D.T. CAMPUS,16-Apr-2024 at 9:00 AM,16-Apr-2024 at 12:00 PM,,,,,
EPSC 549,1,Hydrogeology,IN-PERSON - IN DEPARTMENT EXAM - D.T. CAMPUS,26-Apr-2024 at 9:00 AM,26-Apr-2024 at 12:00 PM,,,,,
ESYS 104,1,The Earth System,ONLINE - TIMED EXAM - 3 HOURS,18-Apr-2024 at 9:00 AM,18-Apr-2024 at 12:00 PM,,,,,
ESYS 200,1,Earth System Processes,IN-PERSON - IN DEPARTMENT EXAM - D.T. CAMPUS,23-Apr-2024 at 9:00 AM,23-Apr-2024 at 12:00 PM,,,,,
EXMD 401,1,Physiol&Biochem Endocrin Sys,IN-PERSON - IN DEPARTMENT EXAM - D.T. CAMPUS,16-Apr-2024 at 2:00 PM,16-Apr-2024 at 5:00 PM,,,,,
EXMD 503,1,Advanced Endrocrinology 02,IN-PERSON - IN DEPARTMENT EXAM - D.T. CAMPUS,24-Apr-2024 at 2:00 PM,24-Apr-2024 at 5:00 PM,,,,,
EXMD 508,1,Adv Topics in Respiration,IN-PERSON - IN DEPARTMENT EXAM - D.T. CAMPUS,26-Apr-2024 at 2:00 PM,26-Apr-2024 at 5:00 PM,,,,,
FACC 300,1,Engineering Economy,IN-PERSON - FORMAL EXAM - D.T. CAMPUS,23-Apr-2024 at 2:00 PM,23-Apr-2024 at 5:00 PM,,,,,
FACC 300,2,Engineering Economy,IN-PERSON - FORMAL EXAM - D.T. CAMPUS,23-Apr-2024 at 2:00 PM,23-Apr-2024 at 5:00 PM,,,,,
FACC 300,5,Engineering Economy,IN-PERSON - FORMAL EXAM - D.T. CAMPUS,23-Apr-2024 at 2:00 PM,23-Apr-2024 at 5:00 PM,,,,,
FACC 300,6,Engineering Economy,IN-PERSON - FORMAL EXAM - D.T. CAMPUS,23-Apr-2024 at 2:00 PM,23-Apr-2024 at 5:00 PM,,,,,
FACC 400,1,Eng Professional Practice,ONLINE - TIMED EXAM - 3 HOURS,17-Apr-2024 at 9:00 AM,17-Apr-2024 at 12:00 PM,,,,,
FACC 400,2,Eng Professional Practice,ONLINE - TIMED EXAM - 3 HOURS,17-Apr-2024 at 9:00 AM,17-Apr-2024 at 12:00 PM,,,,,
FACC 400,5,Eng Professional Practice,ONLINE - TIMED EXAM - 3 HOURS,17-Apr-2024 at 9:00 AM,17-Apr-2024 at 12:00 PM,,,,,
FACC 400,6,Eng Professional Practice,ONLINE - TIMED EXAM - 3 HOURS,17-Apr-2024 at 9:00 AM,17-Apr-2024 at 12:00 PM,,,,,
FDSC 233,1,Physical Chemistry,IN-PERSON - FORMAL EXAM - MAC CAMPUS,25-Apr-2024 at 2:00 PM,25-Apr-2024 at 5:00 PM,,,,,
FDSC 251,1,Food Chemistry 1,IN-PERSON - FORMAL EXAM - MAC CAMPUS,23-Apr-2024 at 2:00 PM,23-Apr-2024 at 5:00 PM,,,,,
FDSC 315,1,Separation Tech in Food Anal 1,IN-PERSON - FORMAL EXAM - MAC CAMPUS,25-Apr-2024 at 2:00 PM,25-Apr-2024 at 5:00 PM,,,,,
FDSC 334,1,Anal of Food Toxins&Toxicants,IN-PERSON - FORMAL EXAM - MAC CAMPUS,19-Apr-2024 at 9:00 AM,19-Apr-2024 at 12:00 PM,,,,,
FDSC 516,1,Flavour Chemistry,IN-PERSON - FORMAL EXAM - MAC CAMPUS,17-Apr-2024 at 2:00 PM,17-Apr-2024 at 5:00 PM,,,,,
FDSC 525,1,Food Quality Assurance,IN-PERSON - FORMAL EXAM - MAC CAMPUS,26-Apr-2024 at 2:00 PM,26-Apr-2024 at 5:00 PM,,,,,
FDSC 536,1,Food Traceability,IN-PERSON - FORMAL EXAM - MAC CAMPUS,17-Apr-2024 at 2:00 PM,17-Apr-2024 at 5:00 PM,,,,,
FDSC 555,1,Comparative Food Law,IN-PERSON - FORMAL EXAM - MAC CAMPUS,25-Apr-2024 at 2:00 PM,25-Apr-2024 at 5:00 PM,,,,,
FDSC 634,1,Food Toxins & Toxicants,IN-PERSON - FORMAL EXAM - MAC CAMPUS,19-Apr-2024 at 9:00 AM,19-Apr-2024 at 12:00 PM,,,,,
FDSC 652,1,Separation Tech in Food Anal 2,IN-PERSON - FORMAL EXAM - MAC CAMPUS,25-Apr-2024 at 2:00 PM,25-Apr-2024 at 5:00 PM,,,,,
FINE 342,1,Corporate Finance,IN-PERSON - FORMAL EXAM - D.T. CAMPUS,26-Apr-2024 at 2:00 PM,26-Apr-2024 at 5:00 PM,,,,,
FINE 342,2,Corporate Finance,IN-PERSON - FORMAL EXAM - D.T. CAMPUS,26-Apr-2024 at 2:00 PM,26-Apr-2024 at 5:00 PM,,,,,
FINE 342,3,Corporate Finance,IN-PERSON - FORMAL EXAM - D.T. CAMPUS,26-Apr-2024 at 2:00 PM,26-Apr-2024 at 5:00 PM,,,,,
FINE 342,4,Corporate Finance,IN-PERSON - FORMAL EXAM - D.T. CAMPUS,26-Apr-2024 at 2:00 PM,26-Apr-2024 at 5:00 PM,,,,,
FINE 441,1,Investment Management,IN-PERSON - FORMAL EXAM - D.T. CAMPUS,18-Apr-2024 at 9:00 AM,18-Apr-2024 at 12:00 PM,,,,,
FINE 441,2,Investment Management,IN-PERSON - FORMAL EXAM - D.T. CAMPUS,18-Apr-2024 at 9:00 AM,18-Apr-2024 at 12:00 PM,,,,,
FINE 441,3,Investment Management,IN-PERSON - FORMAL EXAM - D.T. CAMPUS,18-Apr-2024 at 9:00 AM,18-Apr-2024 at 12:00 PM,,,,,
FINE 442,1,Capital Markets & Institutions,IN-PERSON - FORMAL EXAM - D.T. CAMPUS,25-Apr-2024 at 9:00 AM,25-Apr-2024 at 12:00 PM,,,,,
FINE 442,2,Capital Markets & Institutions,IN-PERSON - FORMAL EXAM - D.T. CAMPUS,25-Apr-2024 at 9:00 AM,25-Apr-2024 at 12:00 PM,,,,,
FINE 443,1,Applied Corporate Finance,IN-PERSON - FORMAL EXAM - D.T. CAMPUS,26-Apr-2024 at 9:00 AM,26-Apr-2024 at 12:00 PM,,,,,
FINE 443,2,Applied Corporate Finance,IN-PERSON - FORMAL EXAM - D.T. CAMPUS,26-Apr-2024 at 9:00 AM,26-Apr-2024 at 12:00 PM,,,,,
FINE 443,3,Applied Corporate Finance,IN-PERSON - FORMAL EXAM - D.T. CAMPUS,26-Apr-2024 at 9:00 AM,26-Apr-2024 at 12:00 PM,,,,,
FINE 443,4,Applied Corporate Finance,IN-PERSON - FORMAL EXAM - D.T. CAMPUS,26-Apr-2024 at 9:00 AM,26-Apr-2024 at 12:00 PM,,,,,
FINE 446,51,Behavioural Finance,IN-PERSON - FORMAL EXAM - D.T. CAMPUS,15-Apr-2024 at 2:00 PM,15-Apr-2024 at 5:00 PM,,,,,
FINE 447,1,Venture Capital & Ent Finance,IN-PERSON - FORMAL EXAM - D.T. CAMPUS,24-Apr-2024 at 9:00 AM,24-Apr-2024 at 12:00 PM,,,,,
FINE 447,2,Venture Capital & Ent Finance,IN-PERSON - FORMAL EXAM - D.T. CAMPUS,24-Apr-2024 at 9:00 AM,24-Apr-2024 at 12:00 PM,,,,,
FINE 448,1,Financial Derivatives,IN-PERSON - FORMAL EXAM - D.T. CAMPUS,17-Apr-2024 at 9:00 AM,17-Apr-2024 at 12:00 PM,,,,,
FINE 448,2,Financial Derivatives,IN-PERSON - FORMAL EXAM - D.T. CAMPUS,17-Apr-2024 at 9:00 AM,17-Apr-2024 at 12:00 PM,,,,,
FINE 449,1,Risk Management in Finance,IN-PERSON - FORMAL EXAM - D.T. CAMPUS,29-Apr-2024 at 9:00 AM,29-Apr-2024 at 12:00 PM,,,,,
FINE 465,1,Sustainable Finance,IN-PERSON - FORMAL EXAM - D.T. CAMPUS,15-Apr-2024 at 9:00 AM,15-Apr-2024 at 12:00 PM,,,,,
FINE 465,2,Sustainable Finance,IN-PERSON - FORMAL EXAM - D.T. CAMPUS,15-Apr-2024 at 9:00 AM,15-Apr-2024 at 12:00 PM,,,,,
FINE 477,1,Fintech for Business & Finance,IN-PERSON - FORMAL EXAM - D.T. CAMPUS,19-Apr-2024 at 2:00 PM,19-Apr-2024 at 5:00 PM,,,,,
FINE 477,2,Fintech for Business & Finance,IN-PERSON - FORMAL EXAM - D.T. CAMPUS,19-Apr-2024 at 2:00 PM,19-Apr-2024 at 5:00 PM,,,,,
FINE 482,1,International Finance 1,IN-PERSON - IN DEPARTMENT EXAM - D.T. CAMPUS,23-Apr-2024 at 9:00 AM,23-Apr-2024 at 11:00 AM,,,,,
FINE 482,2,International Finance 1,IN-PERSON - IN DEPARTMENT EXAM - D.T. CAMPUS,23-Apr-2024 at 9:00 AM,23-Apr-2024 at 11:00 AM,,,,,
FINE 482,3,International Finance 1,IN-PERSON - IN DEPARTMENT EXAM - D.T. CAMPUS,23-Apr-2024 at 9:00 AM,23-Apr-2024 at 11:00 AM,,,,,
FINE 490,1,Mergers & Corp Reorganizations,IN-PERSON - FORMAL EXAM - D.T. CAMPUS,25-Apr-2024 at 9:00 AM,25-Apr-2024 at 12:00 PM,,,,,
FINE 490,2,Mergers & Corp Reorganizations,IN-PERSON - FORMAL EXAM - D.T. CAMPUS,25-Apr-2024 at 9:00 AM,25-Apr-2024 at 12:00 PM,,,,,
FINE 632,1,Global Environment and Economic Policies,IN-PERSON - IN DEPARTMENT EXAM - D.T. CAMPUS,17-Apr-2024 at 9:00 AM,17-Apr-2024 at 11:20 AM,,,,,
FINE 646,71,Investments and Portfolio Management.,IN-PERSON - IN DEPARTMENT EXAM - D.T. CAMPUS,16-Apr-2024 at 2:00 PM,16-Apr-2024 at 5:00 PM,,,,,
FMT4 8,1,Animal Genetics and Nutrition,IN-PERSON - FORMAL EXAM - MAC CAMPUS,29-Apr-2024 at 2:00 PM,29-Apr-2024 at 5:00 PM,,,,,
FMT4 9,1,Soil Fertility,ONLINE - TAKE-HOME - 48 HOURS,22-Apr-2024 at 2:00 PM,24-Apr-2024 at 2:00 PM,,,,,
FMT4 11,1,Farm Accounting,IN-PERSON - LAB EXAM - MAC CAMPUS,26-Apr-2024 at 2:00 PM,26-Apr-2024 at 5:00 PM,,,,,
FMT4 12,1,Machinery Maintenance,IN-PERSON - FORMAL EXAM - MAC CAMPUS,22-Apr-2024 at 9:00 AM,22-Apr-2024 at 12:00 PM,,,,,
FMT4 16,1,Budgeting and Administration,IN-PERSON - LAB EXAM - MAC CAMPUS,25-Apr-2024 at 2:00 PM,25-Apr-2024 at 5:00 PM,,,,,
FMT4 17,1,Agricultural Systems,ONLINE - TAKE-HOME - 48 HOURS,23-Apr-2024 at 2:00 PM,25-Apr-2024 at 2:00 PM,,,,,
FMT4 24,1,Farm Building Development,IN-PERSON - FORMAL EXAM - MAC CAMPUS,23-Apr-2024 at 9:00 AM,23-Apr-2024 at 12:00 PM,,,,,
FMT4 26,1,Human Resources,IN-PERSON - FORMAL EXAM - MAC CAMPUS,30-Apr-2024 at 9:00 AM,30-Apr-2024 at 12:00 PM,,,,,
FMT4 29,1,Dairy Performance Management,IN-PERSON - FORMAL EXAM - MAC CAMPUS,30-Apr-2024 at 9:00 AM,30-Apr-2024 at 12:00 PM,,,,,
FMT4 34,1,Greenhouse Crop Production,IN-PERSON - FORMAL EXAM - MAC CAMPUS,29-Apr-2024 at 2:00 PM,29-Apr-2024 at 5:00 PM,,,,,
FREN 245,1,Grammaire normative,IN-PERSON - IN DEPARTMENT EXAM - D.T. CAMPUS,22-Apr-2024 at 9:00 AM,22-Apr-2024 at 12:00 PM,,,,,
FREN 336,1,Hist. de la langue française,IN-PERSON - FORMAL EXAM - D.T. CAMPUS,15-Apr-2024 at 9:00 AM,15-Apr-2024 at 12:00 PM,,,,,
FREN 450,1,Questions de litt. québécoise,IN-PERSON - IN DEPARTMENT EXAM - D.T. CAMPUS,29-Apr-2024 at 9:00 AM,29-Apr-2024 at 12:00 PM,,,,,
FREN 453,1,Littérature du 20e siècle,IN-PERSON - IN DEPARTMENT EXAM - D.T. CAMPUS,18-Apr-2024 at 9:00 AM,18-Apr-2024 at 12:00 PM,,,,,
FREN 485,1,Litt. française contemporaine,IN-PERSON - IN DEPARTMENT EXAM - D.T. CAMPUS,23-Apr-2024 at 9:00 AM,23-Apr-2024 at 12:00 PM,,,,,
GEOG 205,1,"Global Chg:Past, Pres & Future",IN-PERSON - FORMAL EXAM - D.T. CAMPUS,18-Apr-2024 at 2:00 PM,18-Apr-2024 at 5:00 PM,,,,,
GEOG 217,1,Cities in the Modern World,IN-PERSON - FORMAL EXAM - D.T. CAMPUS,15-Apr-2024 at 9:00 AM,15-Apr-2024 at 12:00 PM,,,,,
GEOG 272,1,Earth's Changing Surface,IN-PERSON - FORMAL EXAM - D.T. CAMPUS,15-Apr-2024 at 2:00 PM,15-Apr-2024 at 5:00 PM,,,,,
GEOG 305,1,Soils and Environment,IN-PERSON - IN DEPARTMENT EXAM - D.T. CAMPUS,24-Apr-2024 at 9:00 AM,24-Apr-2024 at 12:00 PM,,,,,
GEOG 311,1,Economic Geography,IN-PERSON - IN DEPARTMENT EXAM - D.T. CAMPUS,18-Apr-2024 at 9:00 AM,18-Apr-2024 at 12:00 PM,,,,,
GEOG 321,1,Climatic Environments,IN-PERSON - IN DEPARTMENT EXAM - D.T. CAMPUS,26-Apr-2024 at 9:00 AM,26-Apr-2024 at 12:00 PM,,,,,
GEOG 325,1,New Master-Planned Cities,IN-PERSON - IN DEPARTMENT EXAM - D.T. CAMPUS,22-Apr-2024 at 2:00 PM,22-Apr-2024 at 5:00 PM,,,,,
GEOG 417,1,Urban Geography,ONLINE - TAKE-HOME - 72 HOURS,15-Apr-2024 at 2:00 PM,18-Apr-2024 at 2:00 PM,,,,,
GERM 197,1,FYS: Images of Otherness,ONLINE - TAKE-HOME - 10 DAYS,16-Apr-2024 at 9:00 AM,26-Apr-2024 at 9:00 AM,,,,,
GERM 352,1,German Lit- 19th Cent 3,ONLINE - TAKE-HOME - 10 DAYS,19-Apr-2024 at 2:00 PM,29-Apr-2024 at 2:00 PM,,,,,
GSFS 200,1,Feminist and Social Justice St,ONLINE - TAKE-HOME - 72 HOURS,22-Apr-2024 at 9:00 AM,25-Apr-2024 at 9:00 AM,,,,,
HGEN 400,1,Genetics in Medicine,IN-PERSON - IN DEPARTMENT EXAM - D.T. CAMPUS,26-Apr-2024 at 9:00 AM,26-Apr-2024 at 12:00 PM,,,,,
HISP 226,1,Hispanic Civilization 2,IN-PERSON - FORMAL EXAM - D.T. CAMPUS,19-Apr-2024 at 2:00 PM,19-Apr-2024 at 5:00 PM,,,,,
HISP 241,1,Survey of Spanish Lit&Cult 1,ONLINE - TIMED EXAM - 3 HOURS,30-Apr-2024 at 9:00 AM,30-Apr-2024 at 12:00 PM,,,,,
HISP 301,1,Hisp Lit & Cult in English 1,IN-PERSON - FORMAL EXAM - D.T. CAMPUS,29-Apr-2024 at 9:00 AM,29-Apr-2024 at 12:00 PM,,,,,
HIST 201,1,Modern African History,IN-PERSON - FORMAL EXAM - D.T. CAMPUS,22-Apr-2024 at 9:00 AM,22-Apr-2024 at 12:00 PM,,,,,
HIST 203,1,Survey:Canada since 1867,IN-PERSON - FORMAL EXAM - D.T. CAMPUS,24-Apr-2024 at 2:00 PM,24-Apr-2024 at 5:00 PM,,,,,
HIST 203,2,Survey:Canada since 1867,IN-PERSON - FORMAL EXAM - D.T. CAMPUS,24-Apr-2024 at 2:00 PM,24-Apr-2024 at 5:00 PM,,,,,
HIST 215,1,Modern Europe,IN-PERSON - FORMAL EXAM - D.T. CAMPUS,23-Apr-2024 at 2:00 PM,23-Apr-2024 at 5:00 PM,,,,,
HIST 218,1,Modern East Asian History,ONLINE - TAKE-HOME - 9 DAYS,12-Apr-2024 at 9:00 AM,21-Apr-2024 at 9:00 AM,,,,,
HIST 221,1,United States since 1865,IN-PERSON - IN DEPARTMENT EXAM - D.T. CAMPUS,17-Apr-2024 at 2:00 PM,17-Apr-2024 at 5:00 PM,,,,,
HIST 222,1,History of Pandemics,IN-PERSON - FORMAL EXAM - D.T. CAMPUS,23-Apr-2024 at 9:00 AM,23-Apr-2024 at 12:00 PM,,,,,
HIST 304,1,IR History 2: Cold War,IN-PERSON - FORMAL EXAM - D.T. CAMPUS,26-Apr-2024 at 9:00 AM,26-Apr-2024 at 12:00 PM,,,,,
HIST 310,1,Themes in European History,IN-PERSON - IN DEPARTMENT EXAM - D.T. CAMPUS,15-Apr-2024 at 2:00 PM,15-Apr-2024 at 5:00 PM,,,,,
HIST 314,1,Themes: British Isles History,ONLINE - TAKE-HOME - 72 HOURS,22-Apr-2024 at 9:00 AM,25-Apr-2024 at 9:00 AM,,,,,
HIST 347,1,History and Sexuality 2,IN-PERSON - IN DEPARTMENT EXAM - D.T. CAMPUS,16-Apr-2024 at 9:00 AM,16-Apr-2024 at 12:00 PM,,,,,
HIST 369,1,Greek History: Early Greece,IN-PERSON - FORMAL EXAM - D.T. CAMPUS,16-Apr-2024 at 2:00 PM,16-Apr-2024 at 5:00 PM,,,,,
HIST 375,1,Rome: Republic to Empire,IN-PERSON - FORMAL EXAM - D.T. CAMPUS,19-Apr-2024 at 2:00 PM,19-Apr-2024 at 5:00 PM,,,,,
IGFS 611,1,Adv. Issues on Dev. Food&Agric,IN-PERSON - FORMAL EXAM - MAC CAMPUS,30-Apr-2024 at 9:00 AM,30-Apr-2024 at 12:00 PM,,,,,
INDG 302,1,Introduction to Kanien?ké:ha,IN-PERSON - ORAL EXAM - D.T. CAMPUS,30-Apr-2024 at 9:00 AM,30-Apr-2024 at 12:00 PM,,,,,
INDR 294,1,Intro to Labour-Mgmt Relations,IN-PERSON - FORMAL EXAM - D.T. CAMPUS,23-Apr-2024 at 9:00 AM,23-Apr-2024 at 12:00 PM,,,,,
INDR 492,1,Globalization & Labour Policy,IN-PERSON - FORMAL EXAM - D.T. CAMPUS,29-Apr-2024 at 9:00 AM,29-Apr-2024 at 12:00 PM,,,,,
INSY 336,1,DataHandl&Coding for Analytics,IN-PERSON - IN DEPARTMENT EXAM - D.T. CAMPUS,30-Apr-2024 at 9:00 AM,30-Apr-2024 at 12:00 PM,,,,,
INSY 341,1,Developing Business Apps,IN-PERSON - IN DEPARTMENT EXAM - D.T. CAMPUS,22-Apr-2024 at 9:00 AM,22-Apr-2024 at 12:00 PM,,,,,
INSY 437,1,Managing Data & Databases,IN-PERSON - FORMAL EXAM - D.T. CAMPUS,23-Apr-2024 at 9:00 AM,23-Apr-2024 at 12:00 PM,,,,,
INSY 446,1,DataMiningforBusinessAnalytics,ONLINE - TAKE-HOME - 48 HOURS,17-Apr-2024 at 9:00 AM,19-Apr-2024 at 9:00 AM,,,,,
INSY 450,1,IS Project Management,IN-PERSON - FORMAL EXAM - D.T. CAMPUS,16-Apr-2024 at 9:00 AM,16-Apr-2024 at 12:00 PM,,,,,
INSY 609,61,Technology Project Management.,IN-PERSON - IN DEPARTMENT EXAM - D.T. CAMPUS,15-Apr-2024 at 2:00 PM,15-Apr-2024 at 5:00 PM,,,,,
INTD 358,1,Ethnographic Approaches to Dev,ONLINE - TAKE-HOME - 48 HOURS,18-Apr-2024 at 2:00 PM,20-Apr-2024 at 2:00 PM,,,,,
INTD 397,1,Topics in Int'l Development,ONLINE - TIMED EXAM - 48 HOURS,15-Apr-2024 at 9:00 AM,17-Apr-2024 at 9:00 AM,,,,,
ISLA 221D2,1,Introductory Arabic,IN-PERSON - FORMAL EXAM - D.T. CAMPUS,17-Apr-2024 at 9:00 AM,17-Apr-2024 at 12:00 PM,,,,,
ISLA 221D2,2,Introductory Arabic,IN-PERSON - FORMAL EXAM - D.T. CAMPUS,17-Apr-2024 at 9:00 AM,17-Apr-2024 at 12:00 PM,,,,,
ISLA 232D2,1,Introductory Turkish,IN-PERSON - IN DEPARTMENT EXAM - D.T. CAMPUS,29-Apr-2024 at 9:00 AM,29-Apr-2024 at 12:00 PM,,,,,
ISLA 310,1,Women in Islam,ONLINE - TAKE-HOME - 48 HOURS,24-Apr-2024 at 9:00 AM,26-Apr-2024 at 9:00 AM,,,,,
ISLA 322D2,1,Lower Intermediate Arabic,IN-PERSON - IN DEPARTMENT EXAM - D.T. CAMPUS,15-Apr-2024 at 2:00 PM,15-Apr-2024 at 5:00 PM,,,,,
ISLA 325,1,Introduction to Shi'i Islam,ONLINE - TAKE-HOME - 4 DAYS,11-Apr-2024 at 8:00 AM,15-Apr-2024 at 8:00 PM,,,,,
ISLA 330,1,Islamic Mysticism: Sufism,ONLINE - TAKE-HOME - 72 HOURS,12-Apr-2024 at 9:00 AM,15-Apr-2024 at 9:00 AM,,,,,
ISLA 333D2,1,Lower Intermediate Turkish,IN-PERSON - IN DEPARTMENT EXAM - D.T. CAMPUS,22-Apr-2024 at 9:00 AM,22-Apr-2024 at 12:00 PM,,,,,
ISLA 383,1,Central Questions-Islamic Law,ONLINE - TAKE-HOME - 9 DAYS,12-Apr-2024 at 9:00 AM,21-Apr-2024 at 10:00 PM,,,,,
ISLA 423D2,1,Higher Intermediate Arabic,IN-PERSON - IN DEPARTMENT EXAM - D.T. CAMPUS,23-Apr-2024 at 9:00 AM,23-Apr-2024 at 12:00 PM,,,,,
ISLA 434D2,1,Higher Intermediate Turkish,IN-PERSON - IN DEPARTMENT EXAM - D.T. CAMPUS,19-Apr-2024 at 9:00 AM,19-Apr-2024 at 12:00 PM,,,,,
ISLA 515,1,The Medieval School in Islam,ONLINE - TAKE-HOME - 72 HOURS,19-Apr-2024 at 9:00 AM,22-Apr-2024 at 9:00 AM,,,,,
ISLA 526,1,Colloquial Arabic,IN-PERSON - IN DEPARTMENT EXAM - D.T. CAMPUS,25-Apr-2024 at 9:00 AM,25-Apr-2024 at 12:00 PM,,,,,
ITAL 205D2,1,Italian for Beginners,IN-PERSON - IN DEPARTMENT EXAM - D.T. CAMPUS,30-Apr-2024 at 9:00 AM,30-Apr-2024 at 12:00 PM,,,,,
ITAL 205D2,2,Italian for Beginners,IN-PERSON - IN DEPARTMENT EXAM - D.T. CAMPUS,30-Apr-2024 at 9:00 AM,30-Apr-2024 at 12:00 PM,,,,,
ITAL 205D2,3,Italian for Beginners,IN-PERSON - IN DEPARTMENT EXAM - D.T. CAMPUS,30-Apr-2024 at 9:00 AM,30-Apr-2024 at 12:00 PM,,,,,
ITAL 205D2,4,Italian for Beginners,IN-PERSON - IN DEPARTMENT EXAM - D.T. CAMPUS,30-Apr-2024 at 9:00 AM,30-Apr-2024 at 12:00 PM,,,,,
ITAL 206,1,Beginners Italian Intensive,IN-PERSON - IN DEPARTMENT EXAM - D.T. CAMPUS,15-Apr-2024 at 2:00 PM,15-Apr-2024 at 5:00 PM,,,,,
ITAL 215D2,1,Intermediate Italian,IN-PERSON - IN DEPARTMENT EXAM - D.T. CAMPUS,24-Apr-2024 at 9:00 AM,24-Apr-2024 at 12:00 PM,,,,,
ITAL 216,1,Intermediate Italian Intensive,IN-PERSON - IN DEPARTMENT EXAM - D.T. CAMPUS,23-Apr-2024 at 9:00 AM,23-Apr-2024 at 12:00 PM,,,,,
JWST 201,1,Jewish Law,ONLINE - TAKE-HOME - 72 HOURS,23-Apr-2024 at 9:00 AM,26-Apr-2024 at 9:00 AM,,,,,
JWST 312,1,Modern Jewish History,ONLINE - TAKE-HOME - 72 HOURS,15-Apr-2024 at 2:00 PM,18-Apr-2024 at 2:00 PM,,,,,
JWST 334,1,Jew&Muslims: A Modern History,ONLINE - TAKE-HOME - 72 HOURS,16-Apr-2024 at 9:00 AM,19-Apr-2024 at 9:00 AM,,,,,
LING 201,1,Introduction to Linguistics,IN-PERSON - FORMAL EXAM - D.T. CAMPUS,29-Apr-2024 at 2:00 PM,29-Apr-2024 at 5:00 PM,,,,,
LING 260,1,Meaning in Language,IN-PERSON - FORMAL EXAM - D.T. CAMPUS,19-Apr-2024 at 2:00 PM,19-Apr-2024 at 5:00 PM,,,,,
LING 320,1,Sociolinguistics 1,IN-PERSON - FORMAL EXAM - D.T. CAMPUS,23-Apr-2024 at 9:00 AM,23-Apr-2024 at 12:00 PM,,,,,
LING 330,1,Phonetics,IN-PERSON - FORMAL EXAM - D.T. CAMPUS,17-Apr-2024 at 2:00 PM,17-Apr-2024 at 5:00 PM,,,,,
LING 355,1,Language Acquisition 1,IN-PERSON - FORMAL EXAM - D.T. CAMPUS,19-Apr-2024 at 9:00 AM,19-Apr-2024 at 12:00 PM,,,,,
LING 371,1,Syntax 1,IN-PERSON - FORMAL EXAM - D.T. CAMPUS,22-Apr-2024 at 9:00 AM,22-Apr-2024 at 12:00 PM,,,,,
LLCU 230,1,Environmental Imaginations,ONLINE - TAKE-HOME - 7 DAYS,23-Apr-2024 at 9:00 AM,30-Apr-2024 at 9:00 AM,,,,,
LLCU 300,1,Cinema and the Visual,IN-PERSON - FORMAL EXAM - D.T. CAMPUS,29-Apr-2024 at 9:00 AM,29-Apr-2024 at 12:00 PM,,,,,
LSCI 211,1,Biochemistry 1,IN-PERSON - FORMAL EXAM - MAC CAMPUS,17-Apr-2024 at 9:00 AM,17-Apr-2024 at 12:00 PM,,,,,
LSCI 230,1,Introductory Microbiology,IN-PERSON - FORMAL EXAM - MAC CAMPUS,16-Apr-2024 at 9:00 AM,16-Apr-2024 at 12:00 PM,,,,,
MATH 111,1,Math for Education Students,IN-PERSON - IN DEPARTMENT EXAM - D.T. CAMPUS,19-Apr-2024 at 2:00 PM,19-Apr-2024 at 5:00 PM,,,,,
MATH 123,1,Linear Algebra and Probability,IN-PERSON - FORMAL EXAM - D.T. CAMPUS,15-Apr-2024 at 2:00 PM,15-Apr-2024 at 5:00 PM,,,,,
MATH 133,1,Linear Algebra and Geometry,IN-PERSON - FORMAL EXAM - D.T. CAMPUS,18-Apr-2024 at 2:00 PM,18-Apr-2024 at 5:00 PM,,,,,
MATH 140,1,Calculus 1,IN-PERSON - FORMAL EXAM - D.T. CAMPUS,16-Apr-2024 at 9:00 AM,16-Apr-2024 at 12:00 PM,,,,,
MATH 141,1,Calculus 2,IN-PERSON - FORMAL EXAM - D.T. CAMPUS,17-Apr-2024 at 9:00 AM,17-Apr-2024 at 12:00 PM,,,,,
MATH 141,2,Calculus 2,IN-PERSON - FORMAL EXAM - D.T. CAMPUS,17-Apr-2024 at 9:00 AM,17-Apr-2024 at 12:00 PM,,,,,
MATH 141,3,Calculus 2,IN-PERSON - FORMAL EXAM - D.T. CAMPUS,17-Apr-2024 at 9:00 AM,17-Apr-2024 at 12:00 PM,,,,,
MATH 151,1,Calculus B,IN-PERSON - FORMAL EXAM - D.T. CAMPUS,16-Apr-2024 at 2:00 PM,16-Apr-2024 at 5:00 PM,,,,,
MATH 203,1,Principles of Statistics 1,ONLINE - TIMED EXAM - 72 HOURS,22-Apr-2024 at 2:00 PM,25-Apr-2024 at 2:00 PM,,,,,
MATH 204,1,Principles of Statistics 2,IN-PERSON - FORMAL EXAM - D.T. CAMPUS,25-Apr-2024 at 9:00 AM,25-Apr-2024 at 12:00 PM,,,,,
MATH 222,1,Calculus 3,IN-PERSON - FORMAL EXAM - D.T. CAMPUS,16-Apr-2024 at 2:00 PM,16-Apr-2024 at 5:00 PM,,,,,
MATH 223,1,Linear Algebra,IN-PERSON - FORMAL EXAM - D.T. CAMPUS,19-Apr-2024 at 2:00 PM,19-Apr-2024 at 5:00 PM,,,,,
MATH 236,1,Algebra 2,IN-PERSON - FORMAL EXAM - D.T. CAMPUS,19-Apr-2024 at 2:00 PM,19-Apr-2024 at 5:00 PM,,,,,
MATH 240,1,Discrete Structures,IN-PERSON - FORMAL EXAM - D.T. CAMPUS,25-Apr-2024 at 2:00 PM,25-Apr-2024 at 5:00 PM,,,,,
MATH 240,2,Discrete Structures,IN-PERSON - FORMAL EXAM - D.T. CAMPUS,25-Apr-2024 at 2:00 PM,25-Apr-2024 at 5:00 PM,,,,,
MATH 243,1,Analysis 2,IN-PERSON - FORMAL EXAM - D.T. CAMPUS,30-Apr-2024 at 9:00 AM,30-Apr-2024 at 12:00 PM,,,,,
MATH 247,1,Honours Applied Linear Algebra,IN-PERSON - FORMAL EXAM - D.T. CAMPUS,15-Apr-2024 at 9:00 AM,15-Apr-2024 at 12:00 PM,,,,,
MATH 249,1,Honours Complex Variables,IN-PERSON - FORMAL EXAM - D.T. CAMPUS,23-Apr-2024 at 9:00 AM,23-Apr-2024 at 12:00 PM,,,,,
MATH 251,1,Honours Algebra 2,IN-PERSON - FORMAL EXAM - D.T. CAMPUS,18-Apr-2024 at 2:00 PM,18-Apr-2024 at 5:00 PM,,,,,
MATH 255,1,Honours Analysis 2,IN-PERSON - FORMAL EXAM - D.T. CAMPUS,26-Apr-2024 at 9:00 AM,26-Apr-2024 at 12:00 PM,,,,,
MATH 262,1,Intermediate Calculus,IN-PERSON - FORMAL EXAM - D.T. CAMPUS,16-Apr-2024 at 9:00 AM,16-Apr-2024 at 12:00 PM,,,,,
MATH 263,1,ODEs for Engineers,IN-PERSON - FORMAL EXAM - D.T. CAMPUS,30-Apr-2024 at 9:00 AM,30-Apr-2024 at 12:00 PM,,,,,
MATH 263,2,ODEs for Engineers,IN-PERSON - FORMAL EXAM - D.T. CAMPUS,30-Apr-2024 at 9:00 AM,30-Apr-2024 at 12:00 PM,,,,,
MATH 264,1,Adv Calculus for Engineers,IN-PERSON - FORMAL EXAM - D.T. CAMPUS,16-Apr-2024 at 9:00 AM,16-Apr-2024 at 12:00 PM,,,,,
MATH 308,1,Fundls of Statistical Learning,IN-PERSON - FORMAL EXAM - D.T. CAMPUS,23-Apr-2024 at 2:00 PM,23-Apr-2024 at 5:00 PM,,,,,
MATH 314,1,Advanced Calculus,IN-PERSON - FORMAL EXAM - D.T. CAMPUS,18-Apr-2024 at 9:00 AM,18-Apr-2024 at 12:00 PM,,,,,
MATH 315,1,Ordinary Differential Eqns,IN-PERSON - FORMAL EXAM - D.T. CAMPUS,26-Apr-2024 at 2:00 PM,26-Apr-2024 at 5:00 PM,,,,,
MATH 319,1,Partial Differential Equations,IN-PERSON - FORMAL EXAM - D.T. CAMPUS,16-Apr-2024 at 2:00 PM,16-Apr-2024 at 5:00 PM,,,,,
MATH 323,1,Probability,ONLINE - TIMED EXAM - 72 HOURS,22-Apr-2024 at 2:00 PM,25-Apr-2024 at 2:00 PM,,,,,
MATH 323,2,Probability,ONLINE - TIMED EXAM - 72 HOURS,22-Apr-2024 at 2:00 PM,25-Apr-2024 at 2:00 PM,,,,,
MATH 324,1,Statistics,IN-PERSON - FORMAL EXAM - D.T. CAMPUS,24-Apr-2024 at 2:00 PM,24-Apr-2024 at 5:00 PM,,,,,
MATH 325,1,Honours ODE's,IN-PERSON - FORMAL EXAM - D.T. CAMPUS,16-Apr-2024 at 9:00 AM,16-Apr-2024 at 12:00 PM,,,,,
MATH 329,1,Theory of Interest,IN-PERSON - FORMAL EXAM - D.T. CAMPUS,16-Apr-2024 at 2:00 PM,16-Apr-2024 at 5:00 PM,,,,,
MATH 335,1,"Groups, Tilings and Algorithms",IN-PERSON - FORMAL EXAM - D.T. CAMPUS,17-Apr-2024 at 2:00 PM,17-Apr-2024 at 5:00 PM,,,,,
MATH 340,1,Discrete Mathematics,IN-PERSON - FORMAL EXAM - D.T. CAMPUS,25-Apr-2024 at 2:00 PM,25-Apr-2024 at 5:00 PM,,,,,
MATH 357,1,Honours Statistics,ONLINE - TIMED EXAM - 72 HOURS,15-Apr-2024 at 9:00 AM,18-Apr-2024 at 9:00 AM,,,,,
MATH 358,1,Honours Advanced Calculus,IN-PERSON - FORMAL EXAM - D.T. CAMPUS,25-Apr-2024 at 2:00 PM,25-Apr-2024 at 5:00 PM,,,,,
MATH 365,1,"Hons Groups,Tilings&Algorithms",IN-PERSON - FORMAL EXAM - D.T. CAMPUS,17-Apr-2024 at 2:00 PM,17-Apr-2024 at 5:00 PM,,,,,
MATH 387,1,Honours Numerical Analysis,ONLINE - TIMED EXAM - 3 HOURS,22-Apr-2024 at 2:00 PM,22-Apr-2024 at 5:00 PM,,,,,
MATH 447,1,Intro. to Stochastic Processes,IN-PERSON - FORMAL EXAM - D.T. CAMPUS,29-Apr-2024 at 2:00 PM,29-Apr-2024 at 5:00 PM,,,,,
MATH 455,1,Honours Analysis 4,IN-PERSON - FORMAL EXAM - D.T. CAMPUS,16-Apr-2024 at 9:00 AM,16-Apr-2024 at 12:00 PM,,,,,
MATH 457,1,Honours Algebra 4,IN-PERSON - FORMAL EXAM - D.T. CAMPUS,22-Apr-2024 at 2:00 PM,22-Apr-2024 at 5:00 PM,,,,,
MATH 458,1,Honours Differential Geometry,IN-PERSON - FORMAL EXAM - D.T. CAMPUS,19-Apr-2024 at 2:00 PM,19-Apr-2024 at 5:00 PM,,,,,
MATH 518,1,Intro to Algebraic Geometry,IN-PERSON - IN DEPARTMENT EXAM - D.T. CAMPUS,23-Apr-2024 at 2:00 PM,23-Apr-2024 at 5:00 PM,,,,,
MATH 523,1,Generalized Linear Models,ONLINE - TIMED EXAM - 72 HOURS,22-Apr-2024 at 9:00 AM,25-Apr-2024 at 9:00 AM,,,,,
MATH 525,1,Sampling Theory & Applications,IN-PERSON - FORMAL EXAM - D.T. CAMPUS,15-Apr-2024 at 9:00 AM,15-Apr-2024 at 12:00 PM,,,,,
MATH 550,1,Combinatorics,ONLINE - TAKE-HOME - 72 HOURS,23-Apr-2024 at 9:00 AM,26-Apr-2024 at 9:00 AM,,,,,
MATH 553,1,Algorithmic Game Theory,IN-PERSON - FORMAL EXAM - D.T. CAMPUS,24-Apr-2024 at 9:00 AM,24-Apr-2024 at 12:00 PM,,,,,
MATH 557,1,Mathematical Statistics 2,ONLINE - TIMED EXAM - 72 HOURS,22-Apr-2024 at 2:00 PM,25-Apr-2024 at 2:00 PM,,,,,
MATH 558,1,Design of Experiments,ONLINE - TIMED EXAM - 72 HOURS,16-Apr-2024 at 2:00 PM,19-Apr-2024 at 2:00 PM,,,,,
MATH 565,1,Advanced Real Analysis 2,ONLINE - TAKE-HOME - 72 HOURS,23-Apr-2024 at 2:00 PM,26-Apr-2024 at 2:00 PM,,,,,
MATH 571,1,Higher Algebra 2,IN-PERSON - IN DEPARTMENT EXAM - D.T. CAMPUS,16-Apr-2024 at 9:00 AM,16-Apr-2024 at 12:00 PM,,,,,
MATH 577,1,Geometry & Topology 2,IN-PERSON - FORMAL EXAM - D.T. CAMPUS,29-Apr-2024 at 9:00 AM,29-Apr-2024 at 12:00 PM,,,,,
MATH 589,1,Advanced Probability Theory 2,ONLINE - TAKE-HOME - 72 HOURS,23-Apr-2024 at 9:00 AM,26-Apr-2024 at 9:00 AM,,,,,
MATH 591,1,Mathematical Logic 1,IN-PERSON - IN DEPARTMENT EXAM - D.T. CAMPUS,26-Apr-2024 at 2:00 PM,26-Apr-2024 at 5:00 PM,,,,,
MECH 210,1,Mechanics 1,IN-PERSON - FORMAL EXAM - D.T. CAMPUS,25-Apr-2024 at 2:00 PM,25-Apr-2024 at 5:00 PM,,,,,
MECH 220,1,Mechanics 2,IN-PERSON - IN DEPARTMENT EXAM - D.T. CAMPUS,17-Apr-2024 at 2:00 PM,17-Apr-2024 at 5:00 PM,,,,,
MECH 240,1,Thermodynamics 1,IN-PERSON - FORMAL EXAM - D.T. CAMPUS,18-Apr-2024 at 9:00 AM,18-Apr-2024 at 12:00 PM,,,,,
MECH 261,1,Measurement Laboratory,IN-PERSON - FORMAL EXAM - D.T. CAMPUS,22-Apr-2024 at 2:00 PM,22-Apr-2024 at 5:00 PM,,,,,
MECH 262,1,Statistics and Measurement Lab,IN-PERSON - FORMAL EXAM - D.T. CAMPUS,22-Apr-2024 at 2:00 PM,22-Apr-2024 at 5:00 PM,,,,,
MECH 309,1,Numerical Methods in Mech Eng,IN-PERSON - FORMAL EXAM - D.T. CAMPUS,24-Apr-2024 at 9:00 AM,24-Apr-2024 at 12:00 PM,,,,,
MECH 314,1,Dynamics of Mechanisms,IN-PERSON - FORMAL EXAM - D.T. CAMPUS,30-Apr-2024 at 9:00 AM,30-Apr-2024 at 12:00 PM,,,,,
MECH 315,1,Mechanics 3,IN-PERSON - FORMAL EXAM - D.T. CAMPUS,25-Apr-2024 at 9:00 AM,25-Apr-2024 at 12:00 PM,,,,,
MECH 321,1,Mechanics of Deformable Solids,IN-PERSON - FORMAL EXAM - D.T. CAMPUS,25-Apr-2024 at 2:00 PM,25-Apr-2024 at 5:00 PM,,,,,
MECH 331,1,Fluid Mechanics 1,IN-PERSON - FORMAL EXAM - D.T. CAMPUS,16-Apr-2024 at 9:00 AM,16-Apr-2024 at 12:00 PM,,,,,
MECH 341,1,Thermodynamics 2,IN-PERSON - FORMAL EXAM - D.T. CAMPUS,29-Apr-2024 at 9:00 AM,29-Apr-2024 at 12:00 PM,,,,,
MECH 346,1,Heat Transfer,IN-PERSON - FORMAL EXAM - D.T. CAMPUS,30-Apr-2024 at 9:00 AM,30-Apr-2024 at 12:00 PM,,,,,
MECH 360,1,Principles of Manufacturing,IN-PERSON - FORMAL EXAM - D.T. CAMPUS,15-Apr-2024 at 9:00 AM,15-Apr-2024 at 12:00 PM,,,,,
MECH 383,1,Appl Electronics&Instrumentn,IN-PERSON - FORMAL EXAM - D.T. CAMPUS,19-Apr-2024 at 9:00 AM,19-Apr-2024 at 12:00 PM,,,,,
MECH 412,1,System Dynamics and Control,IN-PERSON - FORMAL EXAM - D.T. CAMPUS,23-Apr-2024 at 9:00 AM,23-Apr-2024 at 12:00 PM,,,,,
MECH 419,1,Advanced Mechanics of Systems,IN-PERSON - IN DEPARTMENT EXAM - D.T. CAMPUS,19-Apr-2024 at 2:00 PM,19-Apr-2024 at 5:00 PM,,,,,
MECH 430,1,Fluid Mechanics 2,IN-PERSON - FORMAL EXAM - D.T. CAMPUS,22-Apr-2024 at 2:00 PM,22-Apr-2024 at 5:00 PM,,,,,
MECH 513,1,Control Systems,IN-PERSON - FORMAL EXAM - D.T. CAMPUS,16-Apr-2024 at 9:00 AM,16-Apr-2024 at 12:00 PM,,,,,
MECH 513,2,Control Systems,IN-PERSON - FORMAL EXAM - D.T. CAMPUS,16-Apr-2024 at 9:00 AM,16-Apr-2024 at 12:00 PM,,,,,
MECH 513,3,Control Systems,IN-PERSON - FORMAL EXAM - D.T. CAMPUS,16-Apr-2024 at 9:00 AM,16-Apr-2024 at 12:00 PM,,,,,
MECH 536,1,Aerospace Structures,IN-PERSON - FORMAL EXAM - D.T. CAMPUS,26-Apr-2024 at 9:00 AM,26-Apr-2024 at 12:00 PM,,,,,
MECH 536,2,Aerospace Structures,IN-PERSON - FORMAL EXAM - D.T. CAMPUS,26-Apr-2024 at 9:00 AM,26-Apr-2024 at 12:00 PM,,,,,
MECH 536,3,Aerospace Structures,IN-PERSON - FORMAL EXAM - D.T. CAMPUS,26-Apr-2024 at 9:00 AM,26-Apr-2024 at 12:00 PM,,,,,
MECH 561,1,Biomech of Musculoskeletal Sys,ONLINE - TAKE-HOME - 48 HOURS,23-Apr-2024 at 2:00 PM,25-Apr-2024 at 2:00 PM,,,,,
MECH 561,2,Biomech of Musculoskeletal Sys,ONLINE - TAKE-HOME - 48 HOURS,23-Apr-2024 at 2:00 PM,25-Apr-2024 at 2:00 PM,,,,,
MECH 561,3,Biomech of Musculoskeletal Sys,ONLINE - TAKE-HOME - 48 HOURS,23-Apr-2024 at 2:00 PM,25-Apr-2024 at 2:00 PM,,,,,
MGCR 211,1,Intro to Financial Accounting,IN-PERSON - FORMAL EXAM - D.T. CAMPUS,29-Apr-2024 at 9:00 AM,29-Apr-2024 at 12:00 PM,,,,,
MGCR 211,2,Intro to Financial Accounting,IN-PERSON - FORMAL EXAM - D.T. CAMPUS,29-Apr-2024 at 9:00 AM,29-Apr-2024 at 12:00 PM,,,,,
MGCR 211,4,Intro to Financial Accounting,IN-PERSON - FORMAL EXAM - D.T. CAMPUS,29-Apr-2024 at 9:00 AM,29-Apr-2024 at 12:00 PM,,,,,
MGCR 222,1,Intro to Org Behaviour,ONLINE - TAKE-HOME - 72 HOURS,16-Apr-2024 at 2:00 PM,19-Apr-2024 at 2:00 PM,,,,,
MGCR 222,2,Intro to Org Behaviour,ONLINE - TAKE-HOME - 72 HOURS,16-Apr-2024 at 2:00 PM,19-Apr-2024 at 2:00 PM,,,,,
MGCR 222,3,Intro to Org Behaviour,ONLINE - TAKE-HOME - 72 HOURS,16-Apr-2024 at 2:00 PM,19-Apr-2024 at 2:00 PM,,,,,
MGCR 222,5,Intro to Org Behaviour,ONLINE - TAKE-HOME - 72 HOURS,16-Apr-2024 at 2:00 PM,19-Apr-2024 at 2:00 PM,,,,,
MGCR 222,6,Intro to Org Behaviour,ONLINE - TAKE-HOME - 72 HOURS,16-Apr-2024 at 2:00 PM,19-Apr-2024 at 2:00 PM,,,,,
MGCR 271,1,Business Statistics,IN-PERSON - FORMAL EXAM - D.T. CAMPUS,15-Apr-2024 at 9:00 AM,15-Apr-2024 at 12:00 PM,,,,,
MGCR 271,2,Business Statistics,IN-PERSON - FORMAL EXAM - D.T. CAMPUS,15-Apr-2024 at 9:00 AM,15-Apr-2024 at 12:00 PM,,,,,
MGCR 271,3,Business Statistics,IN-PERSON - FORMAL EXAM - D.T. CAMPUS,15-Apr-2024 at 9:00 AM,15-Apr-2024 at 12:00 PM,,,,,
MGCR 293,1,Managerial Economics,IN-PERSON - FORMAL EXAM - D.T. CAMPUS,30-Apr-2024 at 9:00 AM,30-Apr-2024 at 12:00 PM,,,,,
MGCR 293,2,Managerial Economics,IN-PERSON - FORMAL EXAM - D.T. CAMPUS,30-Apr-2024 at 9:00 AM,30-Apr-2024 at 12:00 PM,,,,,
MGCR 331,1,Information Technology Mgmt,IN-PERSON - FORMAL EXAM - D.T. CAMPUS,22-Apr-2024 at 9:00 AM,22-Apr-2024 at 12:00 PM,,,,,
MGCR 331,2,Information Technology Mgmt,IN-PERSON - FORMAL EXAM - D.T. CAMPUS,22-Apr-2024 at 9:00 AM,22-Apr-2024 at 12:00 PM,,,,,
MGCR 331,3,Information Technology Mgmt,IN-PERSON - FORMAL EXAM - D.T. CAMPUS,22-Apr-2024 at 9:00 AM,22-Apr-2024 at 12:00 PM,,,,,
MGCR 331,4,Information Technology Mgmt,IN-PERSON - FORMAL EXAM - D.T. CAMPUS,22-Apr-2024 at 9:00 AM,22-Apr-2024 at 12:00 PM,,,,,
MGCR 341,1,Introduction to Finance,IN-PERSON - FORMAL EXAM - D.T. CAMPUS,26-Apr-2024 at 2:00 PM,26-Apr-2024 at 5:00 PM,,,,,
MGCR 341,2,Introduction to Finance,IN-PERSON - FORMAL EXAM - D.T. CAMPUS,26-Apr-2024 at 2:00 PM,26-Apr-2024 at 5:00 PM,,,,,
MGCR 341,3,Introduction to Finance,IN-PERSON - FORMAL EXAM - D.T. CAMPUS,26-Apr-2024 at 2:00 PM,26-Apr-2024 at 5:00 PM,,,,,
MGCR 341,4,Introduction to Finance,IN-PERSON - FORMAL EXAM - D.T. CAMPUS,26-Apr-2024 at 2:00 PM,26-Apr-2024 at 5:00 PM,,,,,
MGCR 352,1,Principles of Marketing,IN-PERSON - FORMAL EXAM - D.T. CAMPUS,23-Apr-2024 at 2:00 PM,23-Apr-2024 at 5:00 PM,,,,,
MGCR 352,2,Principles of Marketing,IN-PERSON - FORMAL EXAM - D.T. CAMPUS,23-Apr-2024 at 2:00 PM,23-Apr-2024 at 5:00 PM,,,,,
MGCR 352,3,Principles of Marketing,IN-PERSON - FORMAL EXAM - D.T. CAMPUS,23-Apr-2024 at 2:00 PM,23-Apr-2024 at 5:00 PM,,,,,
MGCR 352,4,Principles of Marketing,IN-PERSON - FORMAL EXAM - D.T. CAMPUS,23-Apr-2024 at 2:00 PM,23-Apr-2024 at 5:00 PM,,,,,
MGCR 352,5,Principles of Marketing,IN-PERSON - FORMAL EXAM - D.T. CAMPUS,23-Apr-2024 at 2:00 PM,23-Apr-2024 at 5:00 PM,,,,,
MGCR 352,6,Principles of Marketing,IN-PERSON - FORMAL EXAM - D.T. CAMPUS,23-Apr-2024 at 2:00 PM,23-Apr-2024 at 5:00 PM,,,,,
MGCR 352,7,Principles of Marketing,IN-PERSON - FORMAL EXAM - D.T. CAMPUS,23-Apr-2024 at 2:00 PM,23-Apr-2024 at 5:00 PM,,,,,
MGCR 372,1,Operations Management,IN-PERSON - FORMAL EXAM - D.T. CAMPUS,17-Apr-2024 at 2:00 PM,17-Apr-2024 at 5:00 PM,,,,,
MGCR 372,2,Operations Management,IN-PERSON - FORMAL EXAM - D.T. CAMPUS,17-Apr-2024 at 2:00 PM,17-Apr-2024 at 5:00 PM,,,,,
MGCR 372,3,Operations Management,IN-PERSON - FORMAL EXAM - D.T. CAMPUS,17-Apr-2024 at 2:00 PM,17-Apr-2024 at 5:00 PM,,,,,
MGCR 372,4,Operations Management,IN-PERSON - FORMAL EXAM - D.T. CAMPUS,17-Apr-2024 at 2:00 PM,17-Apr-2024 at 5:00 PM,,,,,
MGCR 372,5,Operations Management,IN-PERSON - FORMAL EXAM - D.T. CAMPUS,17-Apr-2024 at 2:00 PM,17-Apr-2024 at 5:00 PM,,,,,
MGCR 372,6,Operations Management,IN-PERSON - FORMAL EXAM - D.T. CAMPUS,17-Apr-2024 at 2:00 PM,17-Apr-2024 at 5:00 PM,,,,,
MGCR 382,1,International Business,IN-PERSON - FORMAL EXAM - D.T. CAMPUS,25-Apr-2024 at 2:00 PM,25-Apr-2024 at 5:00 PM,,,,,
MGCR 382,2,International Business,IN-PERSON - FORMAL EXAM - D.T. CAMPUS,25-Apr-2024 at 2:00 PM,25-Apr-2024 at 5:00 PM,,,,,
MGCR 423,1,Strategic Management,IN-PERSON - FORMAL EXAM - D.T. CAMPUS,18-Apr-2024 at 2:00 PM,18-Apr-2024 at 5:00 PM,,,,,
MGCR 423,2,Strategic Management,IN-PERSON - FORMAL EXAM - D.T. CAMPUS,18-Apr-2024 at 2:00 PM,18-Apr-2024 at 5:00 PM,,,,,
MGCR 423,3,Strategic Management,IN-PERSON - FORMAL EXAM - D.T. CAMPUS,18-Apr-2024 at 2:00 PM,18-Apr-2024 at 5:00 PM,,,,,
MGCR 423,4,Strategic Management,IN-PERSON - FORMAL EXAM - D.T. CAMPUS,18-Apr-2024 at 2:00 PM,18-Apr-2024 at 5:00 PM,,,,,
MGCR 423,5,Strategic Management,IN-PERSON - FORMAL EXAM - D.T. CAMPUS,18-Apr-2024 at 2:00 PM,18-Apr-2024 at 5:00 PM,,,,,
MGCR 423,6,Strategic Management,IN-PERSON - FORMAL EXAM - D.T. CAMPUS,18-Apr-2024 at 2:00 PM,18-Apr-2024 at 5:00 PM,,,,,
MGPO 362,1,Fundls of Entrepreneurship,IN-PERSON - FORMAL EXAM - D.T. CAMPUS,15-Apr-2024 at 2:00 PM,15-Apr-2024 at 5:00 PM,,,,,
MGPO 362,2,Fundls of Entrepreneurship,IN-PERSON - FORMAL EXAM - D.T. CAMPUS,15-Apr-2024 at 2:00 PM,15-Apr-2024 at 5:00 PM,,,,,
MGSC 372,1,Advanced Business Statistics,IN-PERSON - FORMAL EXAM - D.T. CAMPUS,29-Apr-2024 at 2:00 PM,29-Apr-2024 at 5:00 PM,,,,,
MGSC 372,2,Advanced Business Statistics,IN-PERSON - FORMAL EXAM - D.T. CAMPUS,29-Apr-2024 at 2:00 PM,29-Apr-2024 at 5:00 PM,,,,,
MGSC 404,1,Founds of Decision Analytics,IN-PERSON - FORMAL EXAM - D.T. CAMPUS,15-Apr-2024 at 9:00 AM,15-Apr-2024 at 12:00 PM,,,,,
MGSC 404,2,Founds of Decision Analytics,IN-PERSON - FORMAL EXAM - D.T. CAMPUS,15-Apr-2024 at 9:00 AM,15-Apr-2024 at 12:00 PM,,,,,
MGSC 416,1,Data-DrivenModelsforOpsAnalyt,IN-PERSON - FORMAL EXAM - D.T. CAMPUS,29-Apr-2024 at 2:00 PM,29-Apr-2024 at 5:00 PM,,,,,
MGSC 416,2,Data-DrivenModelsforOpsAnalyt,IN-PERSON - FORMAL EXAM - D.T. CAMPUS,29-Apr-2024 at 2:00 PM,29-Apr-2024 at 5:00 PM,,,,,
MICR 331,1,Microbial Ecology,IN-PERSON - FORMAL EXAM - MAC CAMPUS,26-Apr-2024 at 2:00 PM,26-Apr-2024 at 5:00 PM,,,,,
MIME 209,1,Mathematical Applications,IN-PERSON - FORMAL EXAM - D.T. CAMPUS,15-Apr-2024 at 9:00 AM,15-Apr-2024 at 12:00 PM,,,,,
MIME 212,1,Engineering Thermodynamics,IN-PERSON - FORMAL EXAM - D.T. CAMPUS,23-Apr-2024 at 9:00 AM,23-Apr-2024 at 12:00 PM,,,,,
MIME 260,1,Materials Science&Engineering,IN-PERSON - FORMAL EXAM - D.T. CAMPUS,19-Apr-2024 at 2:00 PM,19-Apr-2024 at 5:00 PM,,,,,
MIME 311,1,Modelling&Automatic Control,IN-PERSON - FORMAL EXAM - D.T. CAMPUS,25-Apr-2024 at 9:00 AM,25-Apr-2024 at 12:00 PM,,,,,
MIME 322,1,Fragmentation and,IN-PERSON - FORMAL EXAM - D.T. CAMPUS,18-Apr-2024 at 2:00 PM,18-Apr-2024 at 5:00 PM,,,,,
MIME 325,1,Mineral Industry Economics,IN-PERSON - IN DEPARTMENT EXAM - D.T. CAMPUS,26-Apr-2024 at 2:00 PM,26-Apr-2024 at 5:00 PM,,,,,
MIME 333,1,Materials Handling,IN-PERSON - IN DEPARTMENT EXAM - D.T. CAMPUS,24-Apr-2024 at 9:00 AM,24-Apr-2024 at 12:00 PM,,,,,
MIME 341,1,Intro to Mineral Processing,IN-PERSON - FORMAL EXAM - D.T. CAMPUS,16-Apr-2024 at 2:00 PM,16-Apr-2024 at 5:00 PM,,,,,
MIME 452,1,Process and Materials Design,IN-PERSON - ORAL EXAM - D.T. CAMPUS,26-Apr-2024 at 9:00 AM,26-Apr-2024 at 12:00 PM,,,,,
MIME 455,1,Advanced Process Engineering,IN-PERSON - FORMAL EXAM - D.T. CAMPUS,29-Apr-2024 at 9:00 AM,29-Apr-2024 at 12:00 PM,,,,,
MIME 456,1,Steelmaking & Steel Processing,IN-PERSON - FORMAL EXAM - D.T. CAMPUS,30-Apr-2024 at 9:00 AM,30-Apr-2024 at 12:00 PM,,,,,
MIME 473,1,Intro to Comp Matls Design,IN-PERSON - ORAL EXAM - D.T. CAMPUS,22-Apr-2024 at 2:00 PM,22-Apr-2024 at 5:00 PM,,,,,
MIME 526,1,Mineral Economics,IN-PERSON - IN DEPARTMENT EXAM - D.T. CAMPUS,26-Apr-2024 at 2:00 PM,26-Apr-2024 at 5:00 PM,,,,,
MIME 527,1,Selected Topics in Min Res Eng,IN-PERSON - IN DEPARTMENT EXAM - D.T. CAMPUS,22-Apr-2024 at 9:00 AM,22-Apr-2024 at 12:00 PM,,,,,
MIME 529,1,Automation of Mining Systems,IN-PERSON - IN DEPARTMENT EXAM - D.T. CAMPUS,24-Apr-2024 at 9:00 AM,24-Apr-2024 at 12:00 PM,,,,,
MIME 576,1,Adv Steelmaking & Processing,IN-PERSON - FORMAL EXAM - D.T. CAMPUS,30-Apr-2024 at 9:00 AM,30-Apr-2024 at 12:00 PM,,,,,
MIMM 214,1,Intro Immun: Elem of Immunity,IN-PERSON - FORMAL EXAM - D.T. CAMPUS,18-Apr-2024 at 9:00 AM,18-Apr-2024 at 12:00 PM,,,,,
MIMM 314,1,Intermediate Immunology,IN-PERSON - FORMAL EXAM - D.T. CAMPUS,26-Apr-2024 at 9:00 AM,26-Apr-2024 at 12:00 PM,,,,,
MIMM 387,1,The Business of Science,IN-PERSON - FORMAL EXAM - D.T. CAMPUS,16-Apr-2024 at 2:00 PM,16-Apr-2024 at 5:00 PM,,,,,
MIMM 413,1,Parasitology,IN-PERSON - FORMAL EXAM - D.T. CAMPUS,18-Apr-2024 at 9:00 AM,18-Apr-2024 at 12:00 PM,,,,,
MIMM 466,1,Viral Pathogenesis,IN-PERSON - FORMAL EXAM - D.T. CAMPUS,23-Apr-2024 at 9:00 AM,23-Apr-2024 at 12:00 PM,,,,,
MRKT 365,1,New Products,IN-PERSON - FORMAL EXAM - D.T. CAMPUS,18-Apr-2024 at 9:00 AM,18-Apr-2024 at 12:00 PM,,,,,
MUAR 211,1,The Art of Listening,IN-PERSON - IN DEPARTMENT EXAM - D.T. CAMPUS,30-Apr-2024 at 9:00 AM,30-Apr-2024 at 12:00 PM,,,,,
MUMT 250,1,Music Perception and Cognition,IN-PERSON - IN DEPARTMENT EXAM - D.T. CAMPUS,22-Apr-2024 at 2:00 PM,22-Apr-2024 at 5:00 PM,,,,,
MUSP 124,1,Jazz Ear Training 2,IN-PERSON - IN DEPARTMENT EXAM - D.T. CAMPUS,23-Apr-2024 at 9:00 AM,23-Apr-2024 at 12:00 PM,,,,,
MUTH 151,1,Theory and Analysis 2,IN-PERSON - IN DEPARTMENT EXAM - D.T. CAMPUS,29-Apr-2024 at 9:00 AM,29-Apr-2024 at 12:00 PM,,,,,
NEUR 310,1,Cellular Neurobiology,IN-PERSON - FORMAL EXAM - D.T. CAMPUS,24-Apr-2024 at 9:00 AM,24-Apr-2024 at 12:00 PM,,,,,
NSCI 201,1,Intro. to Neuroscience 2,IN-PERSON - FORMAL EXAM - D.T. CAMPUS,30-Apr-2024 at 9:00 AM,30-Apr-2024 at 12:00 PM,,,,,
NUR1 210,1,Pathophysiology for Nursing 2,IN-PERSON - IN DEPARTMENT EXAM - D.T. CAMPUS,18-Apr-2024 at 9:00 AM,18-Apr-2024 at 12:00 PM,,,,,
NUR1 210,20,Pathophysiology for Nursing 2,ONLINE - TIMED EXAM - 3 HOURS,18-Apr-2024 at 9:00 AM,18-Apr-2024 at 12:00 PM,,,,,
NUR1 231,1,Supporting Hlth&Healing Capac2,IN-PERSON - LAB EXAM - D.T. CAMPUS,19-Apr-2024 at 9:00 AM,19-Apr-2024 at 12:00 PM,,,,,
NUR1 231,2,Supporting Hlth&Healing Capac2,IN-PERSON - LAB EXAM - D.T. CAMPUS,19-Apr-2024 at 9:00 AM,19-Apr-2024 at 12:00 PM,,,,,
NUR1 231,3,Supporting Hlth&Healing Capac2,IN-PERSON - LAB EXAM - D.T. CAMPUS,19-Apr-2024 at 9:00 AM,19-Apr-2024 at 12:00 PM,,,,,
NUR1 231,4,Supporting Hlth&Healing Capac2,IN-PERSON - LAB EXAM - D.T. CAMPUS,19-Apr-2024 at 9:00 AM,19-Apr-2024 at 12:00 PM,,,,,
NUR1 236,1,Health & Physical Assess/Anat2,IN-PERSON - IN DEPARTMENT EXAM - D.T. CAMPUS,23-Apr-2024 at 9:00 AM,23-Apr-2024 at 12:00 PM,,,,,
NUR1 236,1,Health & Physical Assess/Anat2,IN-PERSON - LAB EXAM - D.T. CAMPUS,15-Apr-2024 at 9:00 AM,15-Apr-2024 at 12:00 PM,,,,,
NUR1 301,1,Pharmacology for Nursing 2,IN-PERSON - IN DEPARTMENT EXAM - D.T. CAMPUS,16-Apr-2024 at 9:00 AM,16-Apr-2024 at 12:00 PM,,,,,
NUR1 301,20,Pharmacology for Nursing 2,ONLINE - TIMED EXAM - 3 HOURS,16-Apr-2024 at 9:00 AM,16-Apr-2024 at 12:00 PM,,,,,
NUR1 311,1,Infection Prevention & Control,ONLINE - TIMED EXAM - 3 HOURS,25-Apr-2024 at 2:00 PM,25-Apr-2024 at 5:00 PM,,,,,
NUR1 320,1,Critical Care Nursing Theory,IN-PERSON - IN DEPARTMENT EXAM - D.T. CAMPUS,22-Apr-2024 at 9:00 AM,22-Apr-2024 at 12:00 PM,,,,,
NUR1 320,20,Critical Care Nursing Theory,ONLINE - TIMED EXAM - 3 HOURS,22-Apr-2024 at 9:00 AM,22-Apr-2024 at 12:00 PM,,,,,
NUR1 324,1,Illness Management 2,IN-PERSON - FORMAL EXAM - D.T. CAMPUS,15-Apr-2024 at 9:00 AM,15-Apr-2024 at 12:00 PM,,,,,
NUR1 339,1,Appl Hlth&Phys Assessmt/Anat 2,IN-PERSON - LAB EXAM - D.T. CAMPUS,17-Apr-2024 at 9:00 AM,17-Apr-2024 at 12:00 PM,,,,,
NUR2 501,1,Integrated Health Sciences 2,IN-PERSON - IN DEPARTMENT EXAM - D.T. CAMPUS,22-Apr-2024 at 9:00 AM,22-Apr-2024 at 12:00 PM,,,,,
NUR2 518,1,Nursing Clinical Skills Lab 2,IN-PERSON - LAB EXAM - D.T. CAMPUS,19-Apr-2024 at 9:00 AM,19-Apr-2024 at 12:00 PM,,,,,
NUR2 535,1,Health Assessment/Anatomy 2,IN-PERSON - IN DEPARTMENT EXAM - D.T. CAMPUS,23-Apr-2024 at 9:00 AM,23-Apr-2024 at 12:00 PM,,,,,
NUR2 535,1,Health Assessment/Anatomy 2,IN-PERSON - LAB EXAM - D.T. CAMPUS,15-Apr-2024 at 9:00 AM,15-Apr-2024 at 12:00 PM,,,,,
NUR2 634,1,Clin. Assess. & Therapeutics 2,IN-PERSON - FORMAL EXAM - D.T. CAMPUS,15-Apr-2024 at 9:00 AM,15-Apr-2024 at 12:00 PM,,,,,
NUTR 217,1,Application: Food Fundamentals,IN-PERSON - FORMAL EXAM - MAC CAMPUS,25-Apr-2024 at 2:00 PM,25-Apr-2024 at 5:00 PM,,,,,
NUTR 337,1,Nutrition Through Life,IN-PERSON - FORMAL EXAM - MAC CAMPUS,18-Apr-2024 at 9:00 AM,18-Apr-2024 at 12:00 PM,,,,,
NUTR 343,1,Financial Mgmt and Accounting,IN-PERSON - FORMAL EXAM - MAC CAMPUS,29-Apr-2024 at 2:00 PM,29-Apr-2024 at 5:00 PM,,,,,
NUTR 344,1,Clinical Nutrition 1,IN-PERSON - FORMAL EXAM - MAC CAMPUS,16-Apr-2024 at 2:00 PM,16-Apr-2024 at 5:00 PM,,,,,
PATH 300,1,Human Disease,IN-PERSON - FORMAL EXAM - D.T. CAMPUS,25-Apr-2024 at 2:00 PM,25-Apr-2024 at 5:00 PM,,,,,
PHAR 201,1,Introduction to Pharmacology 2,IN-PERSON - FORMAL EXAM - D.T. CAMPUS,19-Apr-2024 at 2:00 PM,19-Apr-2024 at 5:00 PM,,,,,
PHAR 301,1,Drugs and Disease,IN-PERSON - FORMAL EXAM - D.T. CAMPUS,29-Apr-2024 at 9:00 AM,29-Apr-2024 at 12:00 PM,,,,,
PHAR 303,1,Principles of Toxicology,IN-PERSON - FORMAL EXAM - D.T. CAMPUS,18-Apr-2024 at 9:00 AM,18-Apr-2024 at 12:00 PM,,,,,
PHAR 565,1,Epigenetic Drugs and Targets,ONLINE - TIMED EXAM - 3 HOURS,15-Apr-2024 at 2:00 PM,15-Apr-2024 at 5:00 PM,,,,,
PHGY 210,1,Mammalian Physiology 2,IN-PERSON - FORMAL EXAM - D.T. CAMPUS,17-Apr-2024 at 2:00 PM,17-Apr-2024 at 5:00 PM,,,,,
PHGY 210,2,Mammalian Physiology 2,IN-PERSON - FORMAL EXAM - D.T. CAMPUS,17-Apr-2024 at 2:00 PM,17-Apr-2024 at 5:00 PM,,,,,
PHGY 213,1,Introductory Physiology Lab 2,IN-PERSON - FORMAL EXAM - D.T. CAMPUS,29-Apr-2024 at 2:00 PM,29-Apr-2024 at 5:00 PM,,,,,
PHGY 312,1,"Resp.,Renal,&Cardio Physiology",IN-PERSON - FORMAL EXAM - D.T. CAMPUS,25-Apr-2024 at 9:00 AM,25-Apr-2024 at 12:00 PM,,,,,
PHGY 313,1,"Blood,GI,Imm.Syst.Physiol",IN-PERSON - FORMAL EXAM - D.T. CAMPUS,19-Apr-2024 at 2:00 PM,19-Apr-2024 at 5:00 PM,,,,,
PHGY 502,1,Exercise Physiology,IN-PERSON - FORMAL EXAM - D.T. CAMPUS,30-Apr-2024 at 9:00 AM,30-Apr-2024 at 12:00 PM,,,,,
PHGY 516,1,Physiology of Blood,IN-PERSON - IN DEPARTMENT EXAM - D.T. CAMPUS,16-Apr-2024 at 9:00 AM,16-Apr-2024 at 12:00 PM,,,,,
PHIL 221,1,Intro to Hist & Phil of Sci 2,IN-PERSON - FORMAL EXAM - D.T. CAMPUS,26-Apr-2024 at 2:00 PM,26-Apr-2024 at 5:00 PM,,,,,
PHIL 237,1,Contemporary Moral Issues,IN-PERSON - FORMAL EXAM - D.T. CAMPUS,24-Apr-2024 at 9:00 AM,24-Apr-2024 at 12:00 PM,,,,,
PHIL 240,1,Political Philosophy 1,ONLINE - TAKE-HOME - 72 HOURS,23-Apr-2024 at 9:00 AM,26-Apr-2024 at 9:00 AM,,,,,
PHIL 310,1,Intermediate Logic,ONLINE - TAKE-HOME - 72 HOURS,22-Apr-2024 at 9:00 AM,25-Apr-2024 at 9:00 AM,,,,,
PHIL 355,1,Aristotle,ONLINE - TAKE-HOME - 2 WEEKS,12-Apr-2024 at 2:00 PM,26-Apr-2024 at 2:00 PM,,,,,
PHIL 361,1,18th Century Philosophy,IN-PERSON - FORMAL EXAM - D.T. CAMPUS,16-Apr-2024 at 9:00 AM,16-Apr-2024 at 12:00 PM,,,,,
PHIL 415,1,Philosophy of Language,ONLINE - TAKE-HOME - 72 HOURS,22-Apr-2024 at 9:00 AM,25-Apr-2024 at 9:00 AM,,,,,
PHYS 102,1,Intro Physics-Electromagnetism,IN-PERSON - FORMAL EXAM - D.T. CAMPUS,22-Apr-2024 at 9:00 AM,22-Apr-2024 at 12:00 PM,,,,,
PHYS 142,1,Electromagnetism & Optics,IN-PERSON - FORMAL EXAM - D.T. CAMPUS,22-Apr-2024 at 9:00 AM,22-Apr-2024 at 12:00 PM,,,,,
PHYS 181,1,Everyday Physics,IN-PERSON - FORMAL EXAM - D.T. CAMPUS,18-Apr-2024 at 2:00 PM,18-Apr-2024 at 5:00 PM,,,,,
PHYS 183,1,The Milky Way Inside and Out,IN-PERSON - FORMAL EXAM - D.T. CAMPUS,16-Apr-2024 at 9:00 AM,16-Apr-2024 at 12:00 PM,,,,,
PHYS 228,1,Energy and the Environment,IN-PERSON - IN DEPARTMENT EXAM - D.T. CAMPUS,24-Apr-2024 at 2:00 PM,24-Apr-2024 at 5:00 PM,,,,,
PHYS 232,1,Heat and Waves,IN-PERSON - FORMAL EXAM - D.T. CAMPUS,22-Apr-2024 at 2:00 PM,22-Apr-2024 at 5:00 PM,,,,,
PHYS 241,1,Signal Processing,IN-PERSON - FORMAL EXAM - D.T. CAMPUS,24-Apr-2024 at 2:00 PM,24-Apr-2024 at 5:00 PM,,,,,
PHYS 319,1,Introduction to Biophysics,IN-PERSON - FORMAL EXAM - D.T. CAMPUS,16-Apr-2024 at 2:00 PM,16-Apr-2024 at 5:00 PM,,,,,
PHYS 331,1,Topics in Classical Mechanics,IN-PERSON - FORMAL EXAM - D.T. CAMPUS,15-Apr-2024 at 2:00 PM,15-Apr-2024 at 5:00 PM,,,,,
PHYS 333,1,Thermal & Statistical Physics,IN-PERSON - FORMAL EXAM - D.T. CAMPUS,29-Apr-2024 at 9:00 AM,29-Apr-2024 at 12:00 PM,,,,,
PHYS 342,1,Majors Electromagnetic Waves,IN-PERSON - FORMAL EXAM - D.T. CAMPUS,18-Apr-2024 at 9:00 AM,18-Apr-2024 at 12:00 PM,,,,,
PHYS 351,1,Honours Classical Mechanics 2,IN-PERSON - IN DEPARTMENT EXAM - D.T. CAMPUS,17-Apr-2024 at 9:00 AM,17-Apr-2024 at 12:00 PM,,,,,
PHYS 362,1,Statistical Mechanics,IN-PERSON - IN DEPARTMENT EXAM - D.T. CAMPUS,22-Apr-2024 at 9:00 AM,22-Apr-2024 at 12:00 PM,,,,,
PHYS 432,1,Physics of Fluids,IN-PERSON - TWO DAY ORAL EXAM - D.T. CAMPUS,15-Apr-2024 at 9:00 AM,17-Apr-2024 at 5:00 PM,,,,,
PHYS 447,1,Applications of Quantum Mech.,IN-PERSON - FORMAL EXAM - D.T. CAMPUS,23-Apr-2024 at 9:00 AM,23-Apr-2024 at 12:00 PM,,,,,
PHYS 457,1,Honours Quantum Physics 2,ONLINE - TAKE-HOME - 72 HOURS,22-Apr-2024 at 9:00 AM,25-Apr-2024 at 9:00 AM,,,,,
PHYS 562,1,Electromagnetic Theory,IN-PERSON - IN DEPARTMENT EXAM - D.T. CAMPUS,26-Apr-2024 at 2:00 PM,26-Apr-2024 at 5:00 PM,,,,,
PHYS 567,1,Particle Physics,IN-PERSON - IN DEPARTMENT EXAM - D.T. CAMPUS,25-Apr-2024 at 2:00 PM,25-Apr-2024 at 5:00 PM,,,,,
PLNT 310,1,Plant Propagation,IN-PERSON - FORMAL EXAM - MAC CAMPUS,18-Apr-2024 at 9:00 AM,18-Apr-2024 at 12:00 PM,,,,,
PLNT 322,1,Greenhouse Management,IN-PERSON - FORMAL EXAM - MAC CAMPUS,25-Apr-2024 at 2:00 PM,25-Apr-2024 at 5:00 PM,,,,,
PLNT 430,1,Pesticides in Agriculture,ONLINE - TAKE-HOME - 48 HOURS,22-Apr-2024 at 2:00 PM,24-Apr-2024 at 2:00 PM,,,,,
PLNT 434,1,Weed Biology and Control,ONLINE - TAKE-HOME - 48 HOURS,17-Apr-2024 at 2:00 PM,19-Apr-2024 at 2:00 PM,,,,,
POLI 222,1,Political Proc&Behav in Canada,IN-PERSON - FORMAL EXAM - D.T. CAMPUS,19-Apr-2024 at 9:00 AM,19-Apr-2024 at 12:00 PM,,,,,
POLI 226,1,La vie politique québécoise,IN-PERSON - FORMAL EXAM - D.T. CAMPUS,19-Apr-2024 at 2:00 PM,19-Apr-2024 at 5:00 PM,,,,,
POLI 227,1,Developing Areas/Introduction,IN-PERSON - FORMAL EXAM - D.T. CAMPUS,18-Apr-2024 at 9:00 AM,18-Apr-2024 at 12:00 PM,,,,,
POLI 231,1,Intro to Political Theory,IN-PERSON - FORMAL EXAM - D.T. CAMPUS,22-Apr-2024 at 9:00 AM,22-Apr-2024 at 12:00 PM,,,,,
POLI 319,1,Politics of Latin America,ONLINE - TAKE-HOME - 72 HOURS,22-Apr-2024 at 2:00 PM,25-Apr-2024 at 2:00 PM,,,,,
POLI 321,1,Issues:Canadian Public Policy,ONLINE - TAKE-HOME - 48 HOURS,16-Apr-2024 at 9:00 AM,18-Apr-2024 at 9:00 AM,,,,,
POLI 324,1,Developing Areas/Africa,IN-PERSON - FORMAL EXAM - D.T. CAMPUS,24-Apr-2024 at 9:00 AM,24-Apr-2024 at 12:00 PM,,,,,
POLI 329,1,Russian and Soviet Politics,IN-PERSON - FORMAL EXAM - D.T. CAMPUS,22-Apr-2024 at 2:00 PM,22-Apr-2024 at 5:00 PM,,,,,
POLI 339,1,Comp Developed: Topics 1,ONLINE - TIMED EXAM - 3 HOURS,17-Apr-2024 at 9:00 AM,17-Apr-2024 at 12:00 PM,,,,,
POLI 342,1,Canadian Foreign Policy,ONLINE - TAKE-HOME - 5 DAYS,22-Apr-2024 at 2:00 PM,27-Apr-2024 at 2:00 PM,,,,,
POLI 345,1,International Organizations,IN-PERSON - FORMAL EXAM - D.T. CAMPUS,15-Apr-2024 at 9:00 AM,15-Apr-2024 at 12:00 PM,,,,,
POLI 347,1,"Arab-Israel Confl,Crisis,Peace",IN-PERSON - FORMAL EXAM - D.T. CAMPUS,26-Apr-2024 at 2:00 PM,26-Apr-2024 at 5:00 PM,,,,,
POLI 348,1,Gender and Canadian Politics,ONLINE - TAKE-HOME - 72 HOURS,23-Apr-2024 at 9:00 AM,26-Apr-2024 at 9:00 AM,,,,,
POLI 352,1,Intl Pol/Foreign Pol:Africa,IN-PERSON - FORMAL EXAM - D.T. CAMPUS,16-Apr-2024 at 9:00 AM,16-Apr-2024 at 12:00 PM,,,,,
POLI 363,1,Contemporary Political Theory,ONLINE - TIMED EXAM - 3 HOURS,29-Apr-2024 at 9:00 AM,29-Apr-2024 at 12:00 PM,,,,,
POLI 364,1,Radical Political Thought,IN-PERSON - FORMAL EXAM - D.T. CAMPUS,29-Apr-2024 at 9:00 AM,29-Apr-2024 at 12:00 PM,,,,,
POLI 369,1,Politics of Southeast Asia,IN-PERSON - FORMAL EXAM - D.T. CAMPUS,29-Apr-2024 at 9:00 AM,29-Apr-2024 at 12:00 PM,,,,,
POLI 380,1,Contemporary Chinese Politics,ONLINE - TAKE-HOME - 48 HOURS,15-Apr-2024 at 2:00 PM,17-Apr-2024 at 2:00 PM,,,,,
POLI 427,1,Sel Topics:Canadian Politics,IN-PERSON - FORMAL EXAM - D.T. CAMPUS,30-Apr-2024 at 9:00 AM,30-Apr-2024 at 12:00 PM,,,,,
POLI 431,1,Nations&States/Developed World,IN-PERSON - FORMAL EXAM - D.T. CAMPUS,17-Apr-2024 at 2:00 PM,17-Apr-2024 at 5:00 PM,,,,,
POLI 435,1,Identity and Inequality,ONLINE - TAKE-HOME - 72 HOURS,22-Apr-2024 at 2:00 PM,25-Apr-2024 at 2:00 PM,,,,,
POLI 436,1,Aborig Rights in the Cdn Const,IN-PERSON - IN DEPARTMENT EXAM - D.T. CAMPUS,26-Apr-2024 at 2:00 PM,26-Apr-2024 at 5:00 PM,,,,,
POLI 441,1,IPE: Trade,ONLINE - TAKE-HOME - 72 HOURS,22-Apr-2024 at 2:00 PM,25-Apr-2024 at 2:00 PM,,,,,
POLI 445,1,IPE: Monetary Relations,ONLINE - TAKE-HOME - 72 HOURS,16-Apr-2024 at 2:00 PM,19-Apr-2024 at 2:00 PM,,,,,
POLI 446,1,Intl Law&Poltcs of HumanRights,IN-PERSON - FORMAL EXAM - D.T. CAMPUS,25-Apr-2024 at 9:00 AM,25-Apr-2024 at 12:00 PM,,,,,
POLI 452,1,Conflict Simulation,ONLINE - TAKE-HOME - 72 HOURS,22-Apr-2024 at 2:00 PM,25-Apr-2024 at 2:00 PM,,,,,
PSYC 204,1,Intro to Psychological Stats,ONLINE - TIMED EXAM - 72 HOURS,15-Apr-2024 at 2:00 PM,18-Apr-2024 at 2:00 PM,,,,,
PSYC 212,1,Perception,IN-PERSON - FORMAL EXAM - D.T. CAMPUS,25-Apr-2024 at 2:00 PM,25-Apr-2024 at 5:00 PM,,,,,
PSYC 213,1,Cognition,IN-PERSON - FORMAL EXAM - D.T. CAMPUS,24-Apr-2024 at 2:00 PM,24-Apr-2024 at 5:00 PM,,,,,
PSYC 215,1,Social Psychology,IN-PERSON - FORMAL EXAM - D.T. CAMPUS,22-Apr-2024 at 2:00 PM,22-Apr-2024 at 5:00 PM,,,,,
PSYC 302,1,The Psychology of Pain,IN-PERSON - FORMAL EXAM - D.T. CAMPUS,23-Apr-2024 at 2:00 PM,23-Apr-2024 at 5:00 PM,,,,,
PSYC 305,1,Statistics for Exper Design,IN-PERSON - FORMAL EXAM - D.T. CAMPUS,26-Apr-2024 at 9:00 AM,26-Apr-2024 at 12:00 PM,,,,,
PSYC 306,1,Research Methods in Psychology,IN-PERSON - FORMAL EXAM - D.T. CAMPUS,16-Apr-2024 at 2:00 PM,16-Apr-2024 at 5:00 PM,,,,,
PSYC 318,1,Behavioural Neuroscience 2,IN-PERSON - FORMAL EXAM - D.T. CAMPUS,22-Apr-2024 at 9:00 AM,22-Apr-2024 at 12:00 PM,,,,,
PSYC 331,1,Inter-Group Relations,IN-PERSON - FORMAL EXAM - D.T. CAMPUS,16-Apr-2024 at 2:00 PM,16-Apr-2024 at 5:00 PM,,,,,
PSYC 333,1,Personality & Social Psych,IN-PERSON - FORMAL EXAM - D.T. CAMPUS,15-Apr-2024 at 2:00 PM,15-Apr-2024 at 5:00 PM,,,,,
PSYC 337,1,Intro to Psychopathology,IN-PERSON - FORMAL EXAM - D.T. CAMPUS,25-Apr-2024 at 9:00 AM,25-Apr-2024 at 12:00 PM,,,,,
PSYC 342,1,Hormones & Behaviour,IN-PERSON - FORMAL EXAM - D.T. CAMPUS,24-Apr-2024 at 9:00 AM,24-Apr-2024 at 12:00 PM,,,,,
PSYC 406,1,Psychological Tests,IN-PERSON - FORMAL EXAM - D.T. CAMPUS,26-Apr-2024 at 2:00 PM,26-Apr-2024 at 5:00 PM,,,,,
PSYC 412,1,Child Dev.: Psychopathol.,IN-PERSON - FORMAL EXAM - D.T. CAMPUS,17-Apr-2024 at 9:00 AM,17-Apr-2024 at 12:00 PM,,,,,
PSYC 427,1,Sensorimotor Neuroscience,IN-PERSON - FORMAL EXAM - D.T. CAMPUS,19-Apr-2024 at 9:00 AM,19-Apr-2024 at 12:00 PM,,,,,
PSYC 433,1,Cognitive Science,IN-PERSON - FORMAL EXAM - D.T. CAMPUS,18-Apr-2024 at 2:00 PM,18-Apr-2024 at 5:00 PM,,,,,
PSYC 443,1,Affective Neuroscience,IN-PERSON - FORMAL EXAM - D.T. CAMPUS,15-Apr-2024 at 9:00 AM,15-Apr-2024 at 12:00 PM,,,,,
PSYC 471,1,Human Motivation,IN-PERSON - FORMAL EXAM - D.T. CAMPUS,29-Apr-2024 at 2:00 PM,29-Apr-2024 at 5:00 PM,,,,,
PSYT 500,1,Adv: Neur of Mtl Disorders,IN-PERSON - FORMAL EXAM - D.T. CAMPUS,17-Apr-2024 at 2:00 PM,17-Apr-2024 at 5:00 PM,,,,,
PSYT 522,1,"Early Adversity, Development and Health",IN-PERSON - IN DEPARTMENT EXAM - D.T. CAMPUS,17-Apr-2024 at 9:00 AM,17-Apr-2024 at 12:00 PM,,,,,
REDM 400,1,Science and Museums,IN-PERSON - FORMAL EXAM - D.T. CAMPUS,23-Apr-2024 at 9:00 AM,23-Apr-2024 at 2:00 PM,,,,,
RELG 254,1,Intro to Yoga Traditions,IN-PERSON - FORMAL EXAM - D.T. CAMPUS,23-Apr-2024 at 9:00 AM,23-Apr-2024 at 2:00 PM,,,,,
RELG 312,1,The Gospels,IN-PERSON - IN DEPARTMENT EXAM - D.T. CAMPUS,25-Apr-2024 at 2:00 PM,25-Apr-2024 at 5:00 PM,,,,,
RUSS 224,1,Russian 19c. Literary Giants 2,IN-PERSON - FORMAL EXAM - D.T. CAMPUS,16-Apr-2024 at 2:00 PM,16-Apr-2024 at 5:00 PM,,,,,
SEAD 550,1,Dec-Making for Sust: Eng & Des,IN-PERSON - IN DEPARTMENT EXAM - D.T. CAMPUS,25-Apr-2024 at 9:00 AM,25-Apr-2024 at 12:00 PM,,,,,
SOCI 213,1,Deviance,IN-PERSON - FORMAL EXAM - D.T. CAMPUS,19-Apr-2024 at 2:00 PM,19-Apr-2024 at 5:00 PM,,,,,
SOCI 234,1,Population & Society,IN-PERSON - FORMAL EXAM - D.T. CAMPUS,25-Apr-2024 at 9:00 AM,25-Apr-2024 at 12:00 PM,,,,,
SOCI 245,1,The Sociology of Emotions,IN-PERSON - FORMAL EXAM - D.T. CAMPUS,19-Apr-2024 at 9:00 AM,19-Apr-2024 at 12:00 PM,,,,,
SOCI 250,1,Social Problems,ONLINE - TIMED EXAM - 3 HOURS,25-Apr-2024 at 9:00 AM,25-Apr-2024 at 12:00 PM,,,,,
SOCI 307,1,Globalization,IN-PERSON - FORMAL EXAM - D.T. CAMPUS,26-Apr-2024 at 9:00 AM,26-Apr-2024 at 12:00 PM,,,,,
SOCI 309,1,Health and Illness,IN-PERSON - FORMAL EXAM - D.T. CAMPUS,29-Apr-2024 at 9:00 AM,29-Apr-2024 at 12:00 PM,,,,,
SOCI 321,1,Gender and Work,IN-PERSON - FORMAL EXAM - D.T. CAMPUS,18-Apr-2024 at 2:00 PM,18-Apr-2024 at 5:00 PM,,,,,
SOCI 330,1,Sociological Theory,IN-PERSON - FORMAL EXAM - D.T. CAMPUS,15-Apr-2024 at 2:00 PM,15-Apr-2024 at 5:00 PM,,,,,
WILD 350,1,Mammalogy,IN-PERSON - FORMAL EXAM - MAC CAMPUS,25-Apr-2024 at 9:00 AM,25-Apr-2024 at 12:00 PM,,,,,
WILD 350,2,Mammalogy,IN-PERSON - LAB EXAM - MAC CAMPUS,23-Apr-2024 at 2:00 PM,23-Apr-2024 at 5:00 PM,,,,,
WILD 350,3,Mammalogy,IN-PERSON - LAB EXAM - MAC CAMPUS,23-Apr-2024 at 2:00 PM,23-Apr-2024 at 5:00 PM,,,,,
WOOD 441,1,Integrated Forest Management,IN-PERSON - FORMAL EXAM - MAC CAMPUS,24-Apr-2024 at 2:00 PM,24-Apr-2024 at 5:00 PM,,,,,